"license_issue_date","license_number","animal_s_name","species","primary_breed","secondary_breed","zip_code"
"2015-12-18T00:00:00.000","S107948","Zen","Cat","Domestic Longhair","Mix","98117"
"2016-06-14T00:00:00.000","S116503","Misty","Cat","Siberian",,"98117"
"2016-08-04T00:00:00.000","S119301","Lyra","Cat","Mix",,"98121"
"2019-02-13T00:00:00.000","962273","Veronica","Cat","Domestic Longhair",,"98107"
"2019-08-10T00:00:00.000","S133113","Spider","Cat","LaPerm",,"98115"
"2019-11-21T00:00:00.000","8002549","Maxx","Cat","American Shorthair",,"98125"
"2020-01-12T00:00:00.000","S151906","Sammy","Cat","Domestic Shorthair","Mix","98116"
"2020-05-19T00:00:00.000","8015649","Bradley","Cat","Siamese",,"98101"
"2020-05-24T00:00:00.000","S142869","Mickey","Cat","Domestic Longhair",,"98126"
"2020-07-03T00:00:00.000","S112835","Diamond","Cat","Domestic Shorthair","Mix","98103"
"2020-07-16T00:00:00.000","83454","Dali","Cat","Domestic Shorthair",,"98119"
"2020-07-21T00:00:00.000","S131986","Nacho","Cat","Domestic Shorthair","Mix","98126"
"2020-08-18T00:00:00.000","8019541","Gracie","Cat","Domestic Medium Hair","Mix","98133"
"2020-09-08T00:00:00.000","S141990","Ramon","Cat","Domestic Shorthair","Mix","98116"
"2020-09-17T00:00:00.000","8015827","Luna","Cat","Ragdoll",,"98112"
"2020-11-03T00:00:00.000","S112996","Pixel","Cat","Domestic Medium Hair","Mix","98112"
"2020-11-17T00:00:00.000","S146576","C.C.","Cat","Domestic Shorthair","Mix","98117"
"2020-11-20T00:00:00.000","77412","Gemma","Cat","Siamese","American Shorthair","98126"
"2020-11-24T00:00:00.000","896993","Oliver","Cat","Domestic Longhair","Mix","98199"
"2020-12-15T00:00:00.000","832271","Silky Frances","Cat","Domestic Shorthair",,"98115"
"2020-12-20T00:00:00.000","S114008","Jesse","Cat","Domestic Shorthair","Mix","98103"
"2020-12-23T00:00:00.000","833148","Lucy","Cat","Domestic Shorthair",,"98116"
"2021-01-18T00:00:00.000","8025074","Ember","Cat","Domestic Medium Hair","Mix","98117"
"2021-01-23T00:00:00.000","S147201","Fergus","Cat","Maine Coon","Mix","98125"
"2021-01-27T00:00:00.000","8018982","Bones","Cat","Mix",,"98122"
"2021-02-03T00:00:00.000","8004418","Emme","Cat","Domestic Shorthair","Mix","98136"
"2021-02-16T00:00:00.000","833680","Coal","Cat","Domestic Shorthair",,"98115"
"2021-03-23T00:00:00.000","8016704","Pip","Cat","Domestic Medium Hair","Mix","98118"
"2021-03-31T00:00:00.000","8018252","Kekoa","Cat","American Shorthair","Mix","98112"
"2021-04-07T00:00:00.000","19048","Rudy","Cat","Domestic Shorthair",,"98103"
"2021-04-09T00:00:00.000","8004956","Custo","Cat","Domestic Shorthair","Mix","98117"
"2021-04-10T00:00:00.000","8015883","Edward","Cat","Domestic Shorthair","Mix","98103"
"2021-04-10T00:00:00.000","S145248","Honey","Cat","Domestic Medium Hair","Mix","98144"
"2021-04-26T00:00:00.000","S123490","Boots","Cat","Domestic Shorthair","Mix","98125"
"2021-04-28T00:00:00.000","8008321","Cece","Cat","American Shorthair","Mix","98125"
"2021-05-02T00:00:00.000","8028297","Noir","Cat","Mix","Mix","98103"
"2021-05-07T00:00:00.000","273780","Taffy","Cat","Siamese","Mix","98125"
"2021-05-28T00:00:00.000","S150479","Seamus","Cat","Domestic Shorthair","Mix","98104"
"2021-06-17T00:00:00.000","S112839","Guinness","Cat","Domestic Shorthair","Mix","98133"
"2021-06-21T00:00:00.000","S121230","Ebi","Cat","Domestic Medium Hair",,"98119"
"2021-06-21T00:00:00.000","S121231","Toro","Cat","Domestic Shorthair",,"98119"
"2021-07-19T00:00:00.000","8029709","Pippin","Cat","Persian","Mix","98105"
"2021-07-23T00:00:00.000","133986","Milo","Cat","LaPerm",,"98133"
"2021-07-23T00:00:00.000","8030061","Luna Lovegood","Cat","Domestic Longhair","Mix","98117"
"2021-08-03T00:00:00.000","S150617","Eugene","Cat","Domestic Shorthair","Mix","98125"
"2021-08-12T00:00:00.000","8031685","Casper","Cat","Domestic Shorthair",,"98126"
"2021-08-19T00:00:00.000","8010082","Mouse","Cat","Domestic Shorthair",,"98199"
"2021-08-31T00:00:00.000","S143979","Olly","Cat","Domestic Shorthair",,"98136"
"2021-09-10T00:00:00.000","8032534","Oatey or odin","Cat","Maine Coon",,"98199"
"2021-09-21T00:00:00.000","8031624","Koa","Cat","Burmese",,"98125"
"2021-09-25T00:00:00.000","140426","Theodore","Cat","Domestic Shorthair",,"98144"
"2021-10-06T00:00:00.000","140669","Skimble","Cat","American Shorthair",,"98116"
"2021-10-21T00:00:00.000","8001165","Brie","Cat","American Shorthair","Mix","98105"
"2021-10-21T00:00:00.000","85529","Cody","Cat","American Shorthair",,"98105"
"2021-10-21T00:00:00.000","732760","Gatsby","Cat","American Shorthair",,"98105"
"2021-10-25T00:00:00.000","8033726","Binu","Cat","Domestic Shorthair","Mix","98119"
"2021-10-28T00:00:00.000","S153294","Mudflap","Cat","Domestic Longhair","Mix","98115"
"2021-10-29T00:00:00.000","825012","Ricky","Cat","Norwegian Forest",,"98136"
"2021-10-31T00:00:00.000","S100358","Roushe","Cat","Domestic Shorthair",,"98144"
"2021-11-06T00:00:00.000","204655","Katie ""Kitty""","Cat","Domestic Shorthair","Siamese","98136"
"2021-11-10T00:00:00.000","S150979","Tom","Cat","Domestic Shorthair","Mix","98117"
"2021-11-11T00:00:00.000","560462","Jóna","Cat","Domestic Shorthair",,"98136"
"2021-11-15T00:00:00.000","133600","Precious","Cat","Persian",,"98121"
"2021-11-15T00:00:00.000","8014960","Juno","Cat","Domestic Shorthair","Mix","98116"
"2021-11-26T00:00:00.000","8028480","Louie","Cat","Domestic Shorthair","Mix","98125"
"2021-11-26T00:00:00.000","8028478","Lyra","Cat","Domestic Shorthair","Siamese","98125"
"2021-12-06T00:00:00.000","8028320","Zora","Cat","Ragdoll",,"98109"
"2021-12-08T00:00:00.000","74053","Franny","Cat","Domestic Shorthair","Norwegian Forest","98122"
"2021-12-09T00:00:00.000","140706","Friar","Cat","Domestic Longhair","Mix","98133"
"2021-12-12T00:00:00.000","8015180","Jiji","Cat","Maine Coon","Mix","98122"
"2021-12-13T00:00:00.000","8034900","Catfish","Cat","Domestic Shorthair","Mix","98107"
"2021-12-15T00:00:00.000","351170","Snowcap","Cat","Domestic Shorthair",,"98112"
"2021-12-18T00:00:00.000","434832","Yuki","Cat","Domestic Shorthair",,"98125"
"2021-12-22T00:00:00.000","8035084","Pumpkin","Cat","Domestic Shorthair",,"98116"
"2021-12-31T00:00:00.000","S139514","Hemingway","Cat","Domestic Shorthair",,"98125"
"2021-12-31T00:00:00.000","28239","Winnie","Cat","Domestic Shorthair","Mix","98117"
"2022-01-01T00:00:00.000","8014738","Rosalind","Cat","Domestic Shorthair",,"98109"
"2022-01-01T00:00:00.000","S101684","Puck","Cat","Domestic Shorthair","Mix","98112"
"2022-01-01T00:00:00.000","8035252","Marissa","Cat","Domestic Shorthair","Mix","98116"
"2022-01-01T00:00:00.000","8015213","Marble","Cat","Mix","Mix","98144"
"2022-01-01T00:00:00.000","8015212","Flint","Cat","Mix","Mix","98144"
"2022-01-01T00:00:00.000","8035255","Dawson","Cat","Domestic Shorthair","Mix","98122"
"2022-01-02T00:00:00.000","26417","Leo","Cat","Maine Coon",,"98125"
"2022-01-02T00:00:00.000","8015107","Oscar","Cat","Domestic Shorthair","Mix","98117"
"2022-01-02T00:00:00.000","S157974","Gwenith","Cat","Domestic Longhair","Mix","98104"
"2022-01-02T00:00:00.000","8035279","Vladimir","Cat","Domestic Shorthair","Mix","98133"
"2022-01-03T00:00:00.000","S111130","Guru","Cat","Chinese Domestic",,"98109"
"2022-01-03T00:00:00.000","8014886","Susu","Cat","Domestic Shorthair","Mix","98112"
"2022-01-03T00:00:00.000","S104310","Tamaki","Cat","Domestic Shorthair","Mix","98125"
"2022-01-03T00:00:00.000","S104309","Benio","Cat","Domestic Shorthair","Mix","98125"
"2022-01-03T00:00:00.000","S110376","Jack","Cat","Mix","Domestic Shorthair","98112"
"2022-01-03T00:00:00.000","S110375","Archie","Cat","Mix","Domestic Shorthair","98112"
"2022-01-03T00:00:00.000","S111266","Zuko","Cat","Siberian",,"98112"
"2022-01-03T00:00:00.000","S111265","Sokka","Cat","Siberian",,"98112"
"2022-01-03T00:00:00.000","S140229","Remington","Cat","Norwegian Forest",,"98144"
"2022-01-03T00:00:00.000","S110354","Magnus","Cat","Norwegian Forest",,"98144"
"2022-01-03T00:00:00.000","S157981","Dreidel","Cat","Domestic Shorthair","Mix","98116"
"2022-01-03T00:00:00.000","8035317","Honey","Cat","Domestic Shorthair","Mix","98116"
"2022-01-03T00:00:00.000","22145","Seahorse","Cat","Domestic Shorthair",,"98122"
"2022-01-04T00:00:00.000","S109831","Oreo","Cat","Siamese","Mix","98108"
"2022-01-04T00:00:00.000","S127659","Barack Omid Duke","Cat","Domestic Shorthair","Mix","98103"
"2022-01-04T00:00:00.000","8035340","Florencia","Cat","Mix","Mix","98122"
"2022-01-04T00:00:00.000","8035343","Rylee","Cat","Domestic Medium Hair","Mix","98115"
"2022-01-04T00:00:00.000","S151926","Jet","Cat","Domestic Shorthair","Mix","98115"
"2022-01-04T00:00:00.000","S151927","Vickie","Cat","Snowshoe","Siamese","98115"
"2022-01-04T00:00:00.000","S148858","Bespin","Cat","Ragdoll",,"98119"
"2022-01-04T00:00:00.000","8035345","Mr Cat","Cat","Domestic Shorthair","Mix","98126"
"2022-01-04T00:00:00.000","S110516","Margo","Cat","Domestic Shorthair",,"98133"
"2022-01-04T00:00:00.000","8035361","Burt","Cat","American Shorthair",,"98115"
"2022-01-04T00:00:00.000","9268","Leo","Cat","Domestic Longhair",,"98102"
"2022-01-05T00:00:00.000","22689","Felix","Cat","Siamese",,"98102"
"2022-01-05T00:00:00.000","S111112","Petunia","Cat","Siberian",,"98109"
"2022-01-05T00:00:00.000","S109494","Scarlett","Cat","Domestic Medium Hair","Mix","98103"
"2022-01-05T00:00:00.000","8014790","Pogo","Cat","Domestic Shorthair","Mix","98103"
"2022-01-05T00:00:00.000","S109926","Jevon","Cat","American Shorthair",,"98104"
"2022-01-05T00:00:00.000","S111255","Geno","Cat","Domestic Shorthair",,"98103"
"2022-01-05T00:00:00.000","8014768","Socks","Cat","Siberian",,"98112"
"2022-01-05T00:00:00.000","8035397","Baby Girl","Cat","Domestic Medium Hair","Mix","98106"
"2022-01-06T00:00:00.000","S137480","Crotalus","Cat","Domestic Shorthair","Mix","98107"
"2022-01-06T00:00:00.000","S139086","Nemo","Cat","Domestic Shorthair","Mix","98199"
"2022-01-06T00:00:00.000","S139087","Noche","Cat","Domestic Shorthair","Mix","98199"
"2022-01-06T00:00:00.000","8014761","Luana","Cat","Tonkinese",,"98125"
"2022-01-06T00:00:00.000","8015733","Pip-squeak","Cat","Domestic Shorthair","Mix","98115"
"2022-01-06T00:00:00.000","8035411","Bubbles","Cat","Domestic Medium Hair","Mix","98102"
"2022-01-06T00:00:00.000","S111297","Mae","Cat","Domestic Shorthair",,"98108"
"2022-01-07T00:00:00.000","8015017","Oz","Cat","Maine Coon","Mix","98112"
"2022-01-07T00:00:00.000","28528","Roscoe","Cat","Domestic Shorthair",,"98118"
"2022-01-07T00:00:00.000","S157046","Fortune","Cat","Domestic Shorthair","Mix","98109"
"2022-01-07T00:00:00.000","S153320","Sven","Cat","Domestic Shorthair","Mix","98122"
"2022-01-08T00:00:00.000","8035440","Leo","Cat","Chartreux","Mix","98146"
"2022-01-08T00:00:00.000","S109828","Shade","Cat","Domestic Shorthair",,"98136"
"2022-01-08T00:00:00.000","S109827","Bugs Bunny","Cat","Manx",,"98136"
"2022-01-08T00:00:00.000","8014752","Cedar","Cat","Domestic Shorthair","Mix","98133"
"2022-01-09T00:00:00.000","S157859","Bowzer","Cat","Domestic Longhair",,"98115"
"2022-01-09T00:00:00.000","8035459","Charlie","Cat","Domestic Shorthair","Siamese","98105"
"2022-01-09T00:00:00.000","S148824","Abby","Cat","Domestic Shorthair","Mix","98125"
"2022-01-09T00:00:00.000","S149280","Jack","Cat","American Shorthair","Mix","98122"
"2022-01-09T00:00:00.000","S157994","Kris","Cat","Domestic Shorthair","Mix","98118"
"2022-01-09T00:00:00.000","8014711","Bagheera","Cat","American Shorthair","Mix","98125"
"2022-01-09T00:00:00.000","S157995","Momo","Cat","Domestic Shorthair","Mix","98199"
"2022-01-09T00:00:00.000","8014989","Nora","Cat","American Shorthair","Mix","98116"
"2022-01-09T00:00:00.000","S157996","Cheesecake","Cat","Domestic Shorthair","Mix","98103"
"2022-01-09T00:00:00.000","8014977","Bonnie","Cat","Domestic Medium Hair","Mix","98119"
"2022-01-09T00:00:00.000","17062","Bella","Cat","Domestic Shorthair","Mix","98115"
"2022-01-09T00:00:00.000","431077","Boomer","Cat","Bengal",,"98126"
"2022-01-10T00:00:00.000","8035482","Clementine","Cat","American Shorthair","Mix","98107"
"2022-01-10T00:00:00.000","S104327","Kobe","Cat","Domestic Medium Hair","Mix","98117"
"2022-01-10T00:00:00.000","S104326","Jasper","Cat","Domestic Medium Hair","Mix","98117"
"2022-01-10T00:00:00.000","S157998","Jaden","Cat","Domestic Shorthair","Mix","98103"
"2022-01-10T00:00:00.000","S158101","Bustah Reign","Cat","Domestic Shorthair","Mix","98125"
"2022-01-10T00:00:00.000","8035487","Napoli Monkee","Cat","Domestic Shorthair","Domestic Shorthair","98104"
"2022-01-10T00:00:00.000","73527","Saela","Cat","Domestic Shorthair",,"98122"
"2022-01-11T00:00:00.000","8015270","Kota","Cat","Domestic Shorthair","Mix","98104"
"2022-01-11T00:00:00.000","S110454","Suzy-Kitty","Cat","Domestic Longhair",,"98108"
"2022-01-12T00:00:00.000","28488","Daisy","Cat","Maine Coon",,"98144"
"2022-01-12T00:00:00.000","28484","Mickey","Cat","Maine Coon",,"98144"
"2022-01-12T00:00:00.000","S154393","Edgar","Cat","Domestic Medium Hair","Mix","98125"
"2022-01-12T00:00:00.000","8035523","Milo","Cat","American Shorthair","Mix","98103"
"2022-01-12T00:00:00.000","S110506","Clark","Cat","Domestic Shorthair","Maine Coon","98117"
"2022-01-12T00:00:00.000","S110507","Lewis","Cat","Domestic Shorthair","Maine Coon","98117"
"2022-01-12T00:00:00.000","S158117","Sookie","Cat","Domestic Shorthair","Mix","98104"
"2022-01-12T00:00:00.000","28235","Jingle","Cat","Domestic Shorthair",,"98112"
"2022-01-12T00:00:00.000","8035536","Salmon","Cat","Domestic Shorthair","Mix","98117"
"2022-01-13T00:00:00.000","S157860","Biscuit","Cat","Domestic Shorthair","Mix","98108"
"2022-01-13T00:00:00.000","S157861","Taffy","Cat","Domestic Shorthair","Mix","98108"
"2022-01-13T00:00:00.000","S157347","Emma","Cat","Maine Coon","Mix","98109"
"2022-01-13T00:00:00.000","8035547","Fiona","Cat","Domestic Medium Hair",,"98119"
"2022-01-13T00:00:00.000","8035554","River Simpson","Cat","Domestic Shorthair","Mix","98115"
"2022-01-13T00:00:00.000","22072","Beau","Cat","Domestic Medium Hair",,"98121"
"2022-01-13T00:00:00.000","S111017","Lona","Cat","Domestic Shorthair","Siamese","98125"
"2022-01-13T00:00:00.000","S111018","Sydney","Cat","Domestic Shorthair","Siamese","98125"
"2022-01-13T00:00:00.000","S134415","Ping","Cat","Domestic Shorthair","Mix","98119"
"2022-01-13T00:00:00.000","S134416","Fenn","Cat","Siamese","Mix","98119"
"2022-01-13T00:00:00.000","8035564","Dominic","Cat","Domestic Medium Hair","Mix","98126"
"2022-01-14T00:00:00.000","8035575","Fish","Cat","American Shorthair","Mix","98102"
"2022-01-14T00:00:00.000","8014755","Anjou","Cat","Chartreux","Mix","98103"
"2022-01-14T00:00:00.000","8035585","Coquine","Cat","Colourpoint Shorthair",,"98178"
"2022-01-15T00:00:00.000","22130","Jasper","Cat","Domestic Medium Hair",,"98115"
"2022-01-15T00:00:00.000","28707","Mozart","Cat","Domestic Shorthair",,"98136"
"2022-01-16T00:00:00.000","S157865","Moxee","Cat","Domestic Shorthair","Mix","98103"
"2022-01-16T00:00:00.000","S158123","Betty Boop","Cat","Domestic Shorthair","Mix","98118"
"2022-01-16T00:00:00.000","8035626","Snuggles","Cat","American Shorthair","Mix","98125"
"2022-01-16T00:00:00.000","S149274","Luigi","Cat","American Shorthair","Mix","98144"
"2022-01-17T00:00:00.000","8035637","Wallace","Cat","Domestic Shorthair","Mix","98103"
"2022-01-18T00:00:00.000","8035657","Minnie Anna Rose","Cat","Domestic Longhair","Mix","98117"
"2022-01-18T00:00:00.000","S157355","Lala","Cat","Domestic Shorthair","Mix","98105"
"2022-01-18T00:00:00.000","S118154","Kedi","Cat","American Shorthair","Domestic Shorthair","98106"
"2022-01-18T00:00:00.000","8035661","Viktor","Cat","Siamese","Domestic Shorthair","98117"
"2022-01-18T00:00:00.000","8015104","Oblia","Cat","Domestic Shorthair",,"98107"
"2022-01-18T00:00:00.000","22011","Mario","Cat","Domestic Shorthair",,"98133"
"2022-01-18T00:00:00.000","22367","Santiago","Cat","Domestic Medium Hair",,"98103"
"2022-01-19T00:00:00.000","8035684","Haddie","Cat","American Shorthair","Mix","98115"
"2022-01-19T00:00:00.000","8035685","Biz","Cat","American Shorthair","Mix","98115"
"2022-01-19T00:00:00.000","22327","Myelin","Cat","Domestic Medium Hair",,"98112"
"2022-01-19T00:00:00.000","22328","Basil","Cat","Domestic Shorthair","Siamese","98112"
"2022-01-19T00:00:00.000","S148828","Theo","Cat","Domestic Shorthair","Mix","98106"
"2022-01-19T00:00:00.000","S158133","Harvest","Cat","Domestic Shorthair","Mix","98125"
"2022-01-19T00:00:00.000","S158135","Quark","Cat","Domestic Shorthair","Mix","98122"
"2022-01-20T00:00:00.000","S157870","Jayce","Cat","Domestic Shorthair","Mix","98121"
"2022-01-20T00:00:00.000","8035721","Minnie","Cat","Domestic Shorthair",,"98144"
"2022-01-20T00:00:00.000","8035724","Betsy","Cat","Domestic Shorthair","Mix","98144"
"2022-01-20T00:00:00.000","S158140","Ginger","Cat","Siamese","Mix","98102"
"2022-01-21T00:00:00.000","S157871","Sabine","Cat","Domestic Shorthair","Mix","98121"
"2022-01-21T00:00:00.000","8035739","Snappy","Cat","Domestic Shorthair","Mix","98105"
"2022-01-21T00:00:00.000","S158142","Divina","Cat","Domestic Medium Hair","Mix","98102"
"2022-01-21T00:00:00.000","S158144","Lella","Cat","Domestic Shorthair","Mix",
"2022-01-21T00:00:00.000","S111204","Miyla Mae Fristensky","Cat","Domestic Shorthair",,"98119"
"2022-01-21T00:00:00.000","S158145","Poppy","Cat","American Shorthair","Mix","98119"
"2022-01-22T00:00:00.000","8035775","Momo","Cat","American Shorthair","Mix","98103"
"2022-01-22T00:00:00.000","S158151","Ember","Cat","Domestic Shorthair","Mix","98199"
"2022-01-22T00:00:00.000","8035777","Eloise","Cat","Domestic Shorthair","Mix","98119"
"2022-01-22T00:00:00.000","S158154","Cannellini Bean","Cat","Domestic Shorthair","Mix","98116"
"2022-01-22T00:00:00.000","S100981","Ra's","Cat","Domestic Longhair","Mix","98199"
"2022-01-22T00:00:00.000","S158155","Pollo Con Crema","Cat","Domestic Shorthair","Mix","98056"
"2022-01-23T00:00:00.000","8035782","Wanda","Cat","Domestic Shorthair","Mix","98122"
"2022-01-23T00:00:00.000","S137493","Louise","Cat","Domestic Shorthair",,"98105"
"2022-01-23T00:00:00.000","8015138","Annie","Cat","Domestic Shorthair","Mix","98115"
"2022-01-23T00:00:00.000","8035797","Harper","Cat","Birman","Siamese","98146"
"2022-01-23T00:00:00.000","8035798","Atticus","Cat","Domestic Shorthair",,"98146"
"2022-01-23T00:00:00.000","8035808","Zuul","Cat","Domestic Medium Hair","Mix","98125"
"2022-01-23T00:00:00.000","8035809","Jack","Cat","Domestic Medium Hair","Mix","98125"
"2022-01-24T00:00:00.000","S111308","Mackintosh","Cat","Domestic Shorthair",,"98105"
"2022-01-24T00:00:00.000","S111076","Pipsqueak","Cat","Domestic Longhair",,"98125"
"2022-01-24T00:00:00.000","22693","Pluto","Cat","Domestic Shorthair",,"98122"
"2022-01-24T00:00:00.000","S157366","Ollie Boo Boo","Cat","Domestic Shorthair","Mix","98105"
"2022-01-24T00:00:00.000","8035825","Michael Kitt","Cat","American Shorthair","Mix","98115"
"2022-01-25T00:00:00.000","S157872","Minion","Cat","Domestic Shorthair","Mix","98102"
"2022-01-25T00:00:00.000","28314","Suri","Cat","Domestic Shorthair",,"98107"
"2022-01-25T00:00:00.000","28315","Moo Moo","Cat","Domestic Shorthair",,"98107"
"2022-01-25T00:00:00.000","19197","Rosie","Cat","Domestic Shorthair",,"98107"
"2022-01-25T00:00:00.000","S157371","Carlos","Cat","Domestic Longhair","Mix","98109"
"2022-01-25T00:00:00.000","8015292","Bingo","Cat","Domestic Medium Hair",,"98112"
"2022-01-26T00:00:00.000","74401","Ella","Cat","Domestic Longhair",,"98118"
"2022-01-26T00:00:00.000","8035872","S'more","Cat","Norwegian Forest","Domestic Medium Hair","98144"
"2022-01-26T00:00:00.000","S157610","Beanie","Cat","Domestic Shorthair","Mix","98103"
"2022-01-26T00:00:00.000","8035876","Margot","Cat","Domestic Medium Hair","Mix","98104"
"2022-01-26T00:00:00.000","S158157","Pebbles","Cat","Domestic Shorthair","Mix","98103"
"2022-01-26T00:00:00.000","8035877","Daphne","Cat","Domestic Shorthair","Mix","98177"
"2022-01-26T00:00:00.000","S153311","Dallas","Cat","Domestic Shorthair","Mix","98112"
"2022-01-26T00:00:00.000","8015189","Nyx","Cat","Domestic Longhair","Mix","98168"
"2022-01-27T00:00:00.000","8014972","Jo Jo","Cat","Abyssinian",,"98109"
"2022-01-27T00:00:00.000","28583","Lady Mari","Cat","Abyssinian",,"98109"
"2022-01-27T00:00:00.000","S158161","Whisp","Cat","Domestic Shorthair","Mix","98125"
"2022-01-27T00:00:00.000","8035904","Pascale","Cat","Domestic Shorthair","Mix","98118"
"2022-01-27T00:00:00.000","8035905","Piton","Cat","Domestic Shorthair","Mix","98118"
"2022-01-27T00:00:00.000","S110408","Fred","Cat","Bombay",,"98144"
"2022-01-28T00:00:00.000","8035914","Cinnamon","Cat","Domestic Shorthair","Mix","98122"
"2022-01-28T00:00:00.000","S110184","Carmen","Cat","Domestic Shorthair",,"98133"
"2022-01-28T00:00:00.000","S158169","Kenny","Cat","Domestic Longhair","Mix","98103"
"2022-01-28T00:00:00.000","83507","Wasabi","Cat","Domestic Shorthair",,"98103"
"2022-01-28T00:00:00.000","8035927","Tuna","Cat","Maine Coon","Domestic Medium Hair","98122"
"2022-01-28T00:00:00.000","8035928","Beef","Cat","Siamese","Bombay","98122"
"2022-01-28T00:00:00.000","18516","Daisy","Cat","Domestic Shorthair",,"98146"
"2022-01-28T00:00:00.000","8035929","Awsee","Cat","Domestic Shorthair",,"98199"
"2022-01-28T00:00:00.000","8035930","Awsoo","Cat","Domestic Shorthair",,"98199"
"2022-01-29T00:00:00.000","S158172","Milo","Cat","Domestic Medium Hair","Mix","98122"
"2022-01-30T00:00:00.000","S140184","Neil","Cat","Domestic Shorthair",,"98103"
"2022-01-30T00:00:00.000","8035952","Harriet","Cat","Russian Blue","Mix","98118"
"2022-01-30T00:00:00.000","S157375","Licorice","Cat","Domestic Shorthair","Mix","98102"
"2022-01-30T00:00:00.000","8014749","Slinky","Cat","Domestic Longhair","Mix","98121"
"2022-01-30T00:00:00.000","S153308","Lorenzo","Cat","Domestic Shorthair","Mix","98102"
"2022-01-30T00:00:00.000","8014868","Totopo","Cat","Maine Coon","Mix","98144"
"2022-01-30T00:00:00.000","8004962","Odin","Cat","American Shorthair","Mix","98144"
"2022-01-30T00:00:00.000","19066","McGee","Cat","Domestic Shorthair",,"98146"
"2022-01-30T00:00:00.000","8015052","Otto Dax","Cat","Domestic Shorthair","Mix","98105"
"2022-01-31T00:00:00.000","S109938","Peaches","Cat","Domestic Shorthair",,"98103"
"2022-01-31T00:00:00.000","S109932","Leo","Cat","American Shorthair",,"98177"
"2022-01-31T00:00:00.000","S109930","Layla","Cat","American Shorthair",,"98177"
"2022-01-31T00:00:00.000","29170","Wes","Cat","Domestic Shorthair",,"98144"
"2022-01-31T00:00:00.000","85237","Smithy","Cat","Domestic Shorthair",,"98144"
"2022-01-31T00:00:00.000","77299","Charlie","Cat","Domestic Medium Hair","Maine Coon","98107"
"2022-01-31T00:00:00.000","S139938","Dobby","Cat","Domestic Shorthair",,"98115"
"2022-01-31T00:00:00.000","S140681","Rowan","Cat","American Shorthair","Mix","98115"
"2022-01-31T00:00:00.000","8035991","Nugget","Cat","Domestic Shorthair","Mix","98117"
"2022-01-31T00:00:00.000","S154002","Pepper","Cat","Domestic Shorthair","Mix","98117"
"2022-01-31T00:00:00.000","83596","Bongo","Cat","Burmese","Mix","98117"
"2022-01-31T00:00:00.000","77040","Johnny Boots","Cat","Domestic Shorthair",,"98117"
"2022-01-31T00:00:00.000","S140432","Betty","Cat","American Shorthair",,"98117"
"2022-01-31T00:00:00.000","S109782","Polly","Cat","Domestic Shorthair",,"98115"
"2022-01-31T00:00:00.000","S109781","Manuel","Cat","Domestic Shorthair",,"98115"
"2022-01-31T00:00:00.000","S137580","Ado Annie","Cat","Domestic Medium Hair","Mix","98117"
"2022-01-31T00:00:00.000","8015745","Frankie","Cat","Domestic Longhair","Mix","98102"
"2022-01-31T00:00:00.000","77173","Bandit","Cat","Domestic Medium Hair",,"98109"
"2022-01-31T00:00:00.000","S110209","Leala","Cat","Mix",,"98105"
"2022-01-31T00:00:00.000","S140732","Mocha","Cat","Domestic Shorthair","Mix","98107"
"2022-01-31T00:00:00.000","S149361","Buster","Cat","Domestic Shorthair","Mix","98119"
"2022-01-31T00:00:00.000","S149360","Charlie","Cat","Domestic Shorthair","Mix","98119"
"2022-01-31T00:00:00.000","8036019","Mochi","Cat","Domestic Longhair","Mix","98122"
"2022-01-31T00:00:00.000","8036020","King","Cat","Russian Blue","Mix","98122"
"2022-01-31T00:00:00.000","8015165","Ash","Cat","Domestic Medium Hair","Mix","98102"
"2022-01-31T00:00:00.000","8036024","Lincoln","Cat","Domestic Shorthair","Mix","98103"
"2022-02-01T00:00:00.000","74414","Jeremy","Cat","Domestic Shorthair",,"98115"
"2022-02-01T00:00:00.000","74243","Boots","Cat","Domestic Medium Hair",,"98118"
"2022-02-01T00:00:00.000","8015682","Thor","Cat","Ragdoll",,"98106"
"2022-02-01T00:00:00.000","S110732","Raleigh","Cat","Domestic Shorthair","Mix","98115"
"2022-02-01T00:00:00.000","8014466","Elton","Cat","Domestic Shorthair","Mix","98107"
"2022-02-01T00:00:00.000","8036035","Freddie","Cat","Manx","Mix","98107"
"2022-02-01T00:00:00.000","S110926","Gracie","Cat","American Shorthair","Mix","98144"
"2022-02-01T00:00:00.000","S140288","Stan","Cat","Domestic Shorthair","Mix","98136"
"2022-02-01T00:00:00.000","8015756","Moose","Cat","American Shorthair","Mix","98122"
"2022-02-01T00:00:00.000","8015433","Ronnie","Cat","Domestic Shorthair","Mix","98115"
"2022-02-01T00:00:00.000","8015432","Reggie","Cat","Domestic Shorthair","Mix","98115"
"2022-02-01T00:00:00.000","8015974","Figaro","Cat","Mix","Mix","98109"
"2022-02-01T00:00:00.000","8015975","Chango","Cat","Mix","Mix","98109"
"2022-02-01T00:00:00.000","S112313","Emma","Cat","Siberian",,"98115"
"2022-02-01T00:00:00.000","S154008","Marceline","Cat","Domestic Shorthair","Mix","98107"
"2022-02-01T00:00:00.000","S109702","Shader","Cat","American Shorthair","Mix","98121"
"2022-02-01T00:00:00.000","S109703","Hephaestus","Cat","American Shorthair","Mix","98121"
"2022-02-01T00:00:00.000","22681","Juniper","Cat","Domestic Shorthair",,"98199"
"2022-02-01T00:00:00.000","S111094","Eloise","Cat","Domestic Shorthair",,"98101"
"2022-02-01T00:00:00.000","8015749","Holly","Cat","Domestic Medium Hair","Mix","98117"
"2022-02-01T00:00:00.000","8015748","Penny","Cat","Domestic Shorthair","Mix","98117"
"2022-02-01T00:00:00.000","S157615","Puffer","Cat","Domestic Shorthair","Mix","98125"
"2022-02-01T00:00:00.000","8015815","Trappy","Cat","Abyssinian","Mix","98103"
"2022-02-01T00:00:00.000","8036055","Hazel","Cat","Domestic Shorthair","Mix","98115"
"2022-02-01T00:00:00.000","S140270","KitKat","Cat","Domestic Shorthair",,"98115"
"2022-02-01T00:00:00.000","8015599","Huck","Cat","Domestic Shorthair","Mix","98122"
"2022-02-01T00:00:00.000","S110592","Bartholomew","Cat","Domestic Medium Hair","Mix","98122"
"2022-02-01T00:00:00.000","S134463","Benny Jet","Cat","Domestic Shorthair","Mix","98104"
"2022-02-01T00:00:00.000","8016040","Arya","Cat","American Shorthair",,"98103"
"2022-02-01T00:00:00.000","8016041","Sansa","Cat","American Shorthair",,"98103"
"2022-02-02T00:00:00.000","S139509","Totie","Cat","Domestic Shorthair","Mix","98177"
"2022-02-02T00:00:00.000","77666","Gary Oak","Cat","Siamese",,"98115"
"2022-02-02T00:00:00.000","77667","Bea","Cat","Domestic Longhair",,"98115"
"2022-02-02T00:00:00.000","8015625","Helga","Cat","American Shorthair","Mix","98144"
"2022-02-02T00:00:00.000","83139","Midi","Cat","Domestic Shorthair",,"98125"
"2022-02-02T00:00:00.000","S151990","Bernie","Cat","Domestic Shorthair","Mix","98032"
"2022-02-02T00:00:00.000","S158176","Vettel","Cat","Domestic Shorthair","Mix","98102"
"2022-02-02T00:00:00.000","83434","Rose","Cat","Domestic Shorthair",,"98122"
"2022-02-02T00:00:00.000","S157383","Verstappen","Cat","Domestic Shorthair","Mix","98105"
"2022-02-02T00:00:00.000","S134448","Odette","Cat","Domestic Shorthair","Mix","98119"
"2022-02-02T00:00:00.000","8015653","Poe","Cat","Domestic Shorthair","Mix","98106"
"2022-02-02T00:00:00.000","8015652","Finn","Cat","Domestic Shorthair","Mix","98106"
"2022-02-02T00:00:00.000","77182","Rocco","Cat","LaPerm",,"98125"
"2022-02-02T00:00:00.000","73450","Nutella","Cat","Domestic Shorthair",,"98125"
"2022-02-02T00:00:00.000","74341","Cottonina","Cat","British Shorthair",,"98177"
"2022-02-02T00:00:00.000","S158182","Chuey","Cat","Domestic Shorthair","Mix","98122"
"2022-02-02T00:00:00.000","77424","Prudence","Cat","Domestic Shorthair","Russian Blue","98121"
"2022-02-02T00:00:00.000","77425","Martha","Cat","Domestic Shorthair","Russian Blue","98121"
"2022-02-02T00:00:00.000","S109282","Pabu","Cat","Domestic Longhair",,"98117"
"2022-02-02T00:00:00.000","S157386","Toast","Cat","Domestic Shorthair","Mix","98107"
"2022-02-02T00:00:00.000","8036080","Cali","Cat","Domestic Shorthair","Mix","98103"
"2022-02-02T00:00:00.000","8015587","Snowball","Cat","Siamese","Mix","98118"
"2022-02-02T00:00:00.000","S139647","Julius","Cat","Domestic Medium Hair",,"98115"
"2022-02-02T00:00:00.000","S149278","Raven","Cat","Domestic Shorthair","Mix","98112"
"2022-02-02T00:00:00.000","8036082","Madame Curie","Cat","Mix","Mix","98121"
"2022-02-03T00:00:00.000","S104393","Griffin","Cat","Domestic Shorthair","Mix","98107"
"2022-02-03T00:00:00.000","77293","ColbyJack","Cat","Domestic Longhair",,"98115"
"2022-02-03T00:00:00.000","S110693","Doobie","Cat","Domestic Shorthair","Mix","98109"
"2022-02-03T00:00:00.000","8015423","Sunny aka Sunflower","Cat","Domestic Medium Hair","Mix","98105"
"2022-02-03T00:00:00.000","8015424","Zoey aka Nemo","Cat","Domestic Medium Hair","Mix","98105"
"2022-02-03T00:00:00.000","8036100","Buddy Guy","Cat","Domestic Medium Hair",,"98136"
"2022-02-03T00:00:00.000","23813","Marloh","Cat","Domestic Medium Hair",,"98133"
"2022-02-03T00:00:00.000","74235","Spooky","Cat","Domestic Shorthair",,"98106"
"2022-02-03T00:00:00.000","77263","Panda","Cat","Domestic Shorthair",,"98117"
"2022-02-03T00:00:00.000","S153963","Kit Kat","Cat","Domestic Shorthair","Mix","98103"
"2022-02-04T00:00:00.000","8036118","Humboldt","Cat","Domestic Shorthair",,"98107"
"2022-02-04T00:00:00.000","28579","Sid","Cat","British Shorthair",,"98144"
"2022-02-04T00:00:00.000","28577","Solo","Cat","American Shorthair",,"98144"
"2022-02-04T00:00:00.000","83575","Thomasina","Cat","Domestic Shorthair",,"98146"
"2022-02-04T00:00:00.000","S158193","Prancer","Cat","Domestic Shorthair","Mix","98103"
"2022-02-04T00:00:00.000","S140585","Tabatha","Cat","Domestic Shorthair",,"98122"
"2022-02-04T00:00:00.000","8015750","Sophie","Cat","Domestic Medium Hair","Mix","98107"
"2022-02-04T00:00:00.000","8015751","Hank","Cat","Domestic Medium Hair","Mix","98107"
"2022-02-04T00:00:00.000","8015534","Keavy","Cat","Domestic Shorthair","Mix","98108"
"2022-02-05T00:00:00.000","S109809","Minerva","Cat","Domestic Medium Hair",,"98199"
"2022-02-05T00:00:00.000","8036141","Leopold Scotch","Cat","Domestic Shorthair","Mix","98121"
"2022-02-05T00:00:00.000","S110744","Berlioz","Cat","Siamese","Domestic Shorthair","98102"
"2022-02-05T00:00:00.000","S110747","Totoro","Cat","Domestic Shorthair","Mix","98115"
"2022-02-05T00:00:00.000","S110746","Sooty","Cat","Domestic Shorthair","Mix","98115"
"2022-02-05T00:00:00.000","337452","Monk","Cat","Domestic Shorthair",,"98104"
"2022-02-05T00:00:00.000","74249","Frimbo","Cat","Domestic Shorthair",,"98109"
"2022-02-05T00:00:00.000","74239","Ginger","Cat","Domestic Shorthair",,"98109"
"2022-02-05T00:00:00.000","S140191","Tux","Cat","Domestic Shorthair",,"98122"
"2022-02-05T00:00:00.000","S137790","Data","Cat","Domestic Shorthair","Mix","98106"
"2022-02-05T00:00:00.000","S110022","Tykums","Cat","Domestic Longhair","Mix","98105"
"2022-02-05T00:00:00.000","S151969","Harley","Cat","Japanese Bobtail",,"98107"
"2022-02-05T00:00:00.000","S110729","Claude","Cat","Domestic Shorthair","Mix","98125"
"2022-02-05T00:00:00.000","S110730","Lilly","Cat","Domestic Shorthair","Mix","98125"
"2022-02-05T00:00:00.000","S109688","Max","Cat","Domestic Shorthair",,"98117"
"2022-02-05T00:00:00.000","S109689","Madeline","Cat","Domestic Shorthair",,"98117"
"2022-02-05T00:00:00.000","S157059",,"Cat","Domestic Medium Hair","Mix","98103"
"2022-02-05T00:00:00.000","72191","Jack","Cat","Himalayan",,"98146"
"2022-02-05T00:00:00.000","S158506","Remi","Cat","Domestic Shorthair","Mix","98119"
"2022-02-05T00:00:00.000","S158507","Rue","Cat","Domestic Shorthair","Mix","98119"
"2022-02-05T00:00:00.000","8036149","Bruno","Cat","American Shorthair","Mix","98103"
"2022-02-05T00:00:00.000","8036152","Nala","Cat","Domestic Shorthair","Mix","98101"
"2022-02-05T00:00:00.000","S158510","Accent","Cat","Domestic Shorthair","Mix","98119"
"2022-02-05T00:00:00.000","S158512","Sky","Cat","Domestic Shorthair","Mix","98144"
"2022-02-06T00:00:00.000","8036167","Churro","Cat","Abyssinian","Mix","98058"
"2022-02-06T00:00:00.000","S157389","Danika","Cat","Domestic Medium Hair","Mix","98122"
"2022-02-06T00:00:00.000","77466","Pixel","Cat","Siamese","Domestic Longhair","98115"
"2022-02-06T00:00:00.000","S157391","Lando","Cat","Domestic Medium Hair","Mix","98107"
"2022-02-06T00:00:00.000","S111960","Margrete","Cat","Domestic Longhair",,"98112"
"2022-02-06T00:00:00.000","8036183","Pocari","Cat","Domestic Shorthair","Mix","98118"
"2022-02-07T00:00:00.000","74336","Squeek","Cat","Domestic Shorthair",,"98117"
"2022-02-07T00:00:00.000","74335","Henry","Cat","Domestic Shorthair",,"98117"
"2022-02-07T00:00:00.000","8036194","Cricket","Cat","Domestic Medium Hair","Mix","98115"
"2022-02-07T00:00:00.000","8036196","Emma","Cat","Domestic Shorthair","Mix","98125"
"2022-02-07T00:00:00.000","S154218","Darla","Cat","Domestic Shorthair","Mix","98136"
"2022-02-07T00:00:00.000","S157392","Ocon","Cat","Domestic Shorthair","Mix","98103"
"2022-02-07T00:00:00.000","8036205","Jeffrey","Cat","Domestic Shorthair","Mix","98122"
"2022-02-07T00:00:00.000","S157393","Lil' Steph","Cat","Domestic Shorthair","Mix","98102"
"2022-02-07T00:00:00.000","8036206","Bingks","Cat","Bombay","Mix","98122"
"2022-02-07T00:00:00.000","S157394","Gemini","Cat","Domestic Shorthair","Mix","98101"
"2022-02-07T00:00:00.000","S157396","Rex","Cat","Domestic Shorthair","Mix","98136"
"2022-02-07T00:00:00.000","S140190","Harper Mika","Cat","Domestic Shorthair",,"98115"
"2022-02-07T00:00:00.000","S127574","Mimsy","Cat","American Shorthair",,"98104"
"2022-02-07T00:00:00.000","S127575","Zora","Cat","American Shorthair",,"98104"
"2022-02-07T00:00:00.000","8036214","Ollie","Cat","Domestic Shorthair","Mix","98115"
"2022-02-08T00:00:00.000","83516","Finn","Cat","Domestic Shorthair",,"98115"
"2022-02-08T00:00:00.000","83517","Jake","Cat","Domestic Shorthair",,"98115"
"2022-02-08T00:00:00.000","S127266","Anakin","Cat","Siamese","Mix","98125"
"2022-02-08T00:00:00.000","8014600","Rumpelteazer","Cat","Domestic Shorthair","Mix","98112"
"2022-02-08T00:00:00.000","8014601","Vickie Sue","Cat","Domestic Shorthair","Mix","98112"
"2022-02-08T00:00:00.000","S112372","Charlie","Cat","Domestic Longhair","Mix","98125"
"2022-02-08T00:00:00.000","S157397","Ares","Cat","Domestic Shorthair","Mix","98144"
"2022-02-08T00:00:00.000","S143238","Sindarin","Cat","Burmese","Siamese","98199"
"2022-02-08T00:00:00.000","83028","Viola","Cat","Domestic Shorthair",,"98133"
"2022-02-08T00:00:00.000","S157616","Wilbur","Cat","Domestic Shorthair",,"98103"
"2022-02-08T00:00:00.000","8036231","Midnight","Cat","Domestic Shorthair","Mix","98122"
"2022-02-08T00:00:00.000","S157399","Butters","Cat","Siamese","Mix","98199"
"2022-02-08T00:00:00.000","8036232","Licorice","Cat","American Shorthair","Mix","98107"
"2022-02-09T00:00:00.000","8036239","Lucy","Cat","Domestic Shorthair","Mix","98115"
"2022-02-09T00:00:00.000","8036241","Nia","Cat","Domestic Shorthair","Mix","98101"
"2022-02-09T00:00:00.000","8015120","Starlily","Cat","Domestic Shorthair","Domestic Shorthair","98103"
"2022-02-09T00:00:00.000","8015119","Echo","Cat","Domestic Shorthair","Domestic Shorthair","98103"
"2022-02-09T00:00:00.000","S127754","Precious","Cat","Domestic Shorthair","Mix","98121"
"2022-02-09T00:00:00.000","S127753","Tigger","Cat","Domestic Shorthair","Mix","98121"
"2022-02-09T00:00:00.000","8036245","Loki","Cat","Domestic Shorthair","Mix","98107"
"2022-02-09T00:00:00.000","8036256","Parker","Cat","Mix","Mix","98103"
"2022-02-10T00:00:00.000","S157881","McLovin","Cat","Domestic Shorthair","Mix","98122"
"2022-02-10T00:00:00.000","8036272","Sterling","Cat","Domestic Shorthair","Mix","98107"
"2022-02-10T00:00:00.000","S139529","Elle Sara Fiannaca","Cat","Domestic Medium Hair",,"98109"
"2022-02-10T00:00:00.000","8015531","Kaya","Cat","Domestic Shorthair","Mix","98125"
"2022-02-10T00:00:00.000","S108256","Izzy","Cat","Domestic Shorthair","Mix","98115"
"2022-02-10T00:00:00.000","S108300","Sammi","Cat","Domestic Longhair","Mix","98115"
"2022-02-10T00:00:00.000","S149283","Edgar","Cat","Domestic Shorthair","Mix","98126"
"2022-02-10T00:00:00.000","S149284","Emily","Cat","Domestic Shorthair","Mix","98126"
"2022-02-10T00:00:00.000","77670","Big Boy","Cat","Domestic Shorthair",,"98109"
"2022-02-10T00:00:00.000","77689","Boychik","Cat","Domestic Shorthair",,"98109"
"2022-02-11T00:00:00.000","8036284","Winston","Cat","Russian Blue","Mix","98108"
"2022-02-11T00:00:00.000","8015969","Zuko","Cat","Domestic Shorthair","Mix","98102"
"2022-02-11T00:00:00.000","S111853","Ella","Cat","Domestic Shorthair",,"98115"
"2022-02-11T00:00:00.000","S111852","Cinder","Cat","Domestic Shorthair",,"98115"
"2022-02-11T00:00:00.000","8036291","Tony","Cat","Domestic Shorthair","Mix","98122"
"2022-02-11T00:00:00.000","83416","Mogget","Cat","Domestic Longhair",,"98116"
"2022-02-11T00:00:00.000","74214","Otto","Cat","Domestic Shorthair","Mix","98117"
"2022-02-11T00:00:00.000","74209","Ulysses","Cat","Domestic Shorthair","Mix","98117"
"2022-02-11T00:00:00.000","S158521","Portia","Cat","Domestic Longhair","Mix","98107"
"2022-02-11T00:00:00.000","74498","Skippy","Cat","Siamese",,"98119"
"2022-02-11T00:00:00.000","74496","Jujubee","Cat","Siamese",,"98119"
"2022-02-11T00:00:00.000","74497","Jezavell","Cat","Siamese",,"98119"
"2022-02-12T00:00:00.000","S110716","Benedict","Cat","Domestic Shorthair","Mix","98115"
"2022-02-12T00:00:00.000","73590","Woodstock","Cat","Siamese","Mix","98177"
"2022-02-12T00:00:00.000","73589","Snoopy","Cat","Siamese","Mix","98177"
"2022-02-12T00:00:00.000","S151988","Edgar","Cat","Domestic Shorthair","Mix","98107"
"2022-02-12T00:00:00.000","S140642","Atlas","Cat","Russian Blue",,"98121"
"2022-02-12T00:00:00.000","S140735","Calliope","Cat","Russian Blue",,"98121"
"2022-02-13T00:00:00.000","8015699","WhiteCat","Cat","Domestic Longhair","Mix","98103"
"2022-02-13T00:00:00.000","S140189","Tommy Cat","Cat","Domestic Shorthair","Mix","98121"
"2022-02-13T00:00:00.000","S156965","Jolene","Cat","Domestic Medium Hair","Mix","98119"
"2022-02-13T00:00:00.000","S156964","Ginger","Cat","Domestic Medium Hair","Mix","98119"
"2022-02-14T00:00:00.000","8015345","Fiore","Cat","Domestic Shorthair",,"98117"
"2022-02-14T00:00:00.000","72565","Charlie","Cat","Domestic Shorthair",,"98117"
"2022-02-14T00:00:00.000","S111222","Mildred","Cat","Domestic Medium Hair",,"98112"
"2022-02-14T00:00:00.000","85004","Kiko","Cat","Siamese",,"98101"
"2022-02-14T00:00:00.000","8036349","Jake","Cat","Domestic Shorthair","Mix","98118"
"2022-02-14T00:00:00.000","8036350","Elwwod","Cat","Domestic Shorthair","Mix","98118"
"2022-02-14T00:00:00.000","8036352","Gimli","Cat","Domestic Shorthair","Mix","98102"
"2022-02-14T00:00:00.000","8036353","Alfie","Cat","Domestic Shorthair","Mix","98102"
"2022-02-15T00:00:00.000","8036358","Alala","Cat","Domestic Shorthair","Mix","98121"
"2022-02-15T00:00:00.000","S140448","Berlina","Cat","Domestic Shorthair",,"98177"
"2022-02-15T00:00:00.000","77348","Mia","Cat","Domestic Shorthair",,"98122"
"2022-02-16T00:00:00.000","8036375","Rafiq","Cat","Domestic Longhair","Mix","98105"
"2022-02-16T00:00:00.000","S140789","Cyrus Sterling Shiels","Cat","Siamese",,"98117"
"2022-02-16T00:00:00.000","S141021","Nikki","Cat","Domestic Shorthair",,"98116"
"2022-02-16T00:00:00.000","S141022","Yoda","Cat","Domestic Shorthair",,"98116"
"2022-02-16T00:00:00.000","S158534","Arya","Cat","American Shorthair","Mix","98104"
"2022-02-16T00:00:00.000","S153306","Henry","Cat","Maine Coon","Domestic Longhair","98103"
"2022-02-16T00:00:00.000","S141077","Sammy","Cat","Domestic Shorthair",,"98136"
"2022-02-17T00:00:00.000","8015895","Zibby","Cat","Domestic Shorthair","Mix","98106"
"2022-02-17T00:00:00.000","S158540","River","Cat","Domestic Shorthair",,"98118"
"2022-02-17T00:00:00.000","S158539","Romeo","Cat","Domestic Longhair",,"98118"
"2022-02-17T00:00:00.000","S151958","Sweet Talk","Cat","Domestic Shorthair","Mix","98115"
"2022-02-18T00:00:00.000","8036418","Vinny","Cat","Domestic Shorthair","Mix","98107"
"2022-02-18T00:00:00.000","S157885","Mr. Hope","Cat","Domestic Shorthair","Mix","98103"
"2022-02-18T00:00:00.000","S158544","Zelda","Cat","Domestic Shorthair","Mix","98119"
"2022-02-18T00:00:00.000","S158545","Toast","Cat","Domestic Shorthair","Mix","98107"
"2022-02-19T00:00:00.000","S140548","Lily","Cat","Domestic Shorthair","Domestic Shorthair","98109"
"2022-02-19T00:00:00.000","8036447","Lemon","Cat","Domestic Shorthair","Mix","98121"
"2022-02-19T00:00:00.000","8025851","Adelaide","Cat","Domestic Shorthair","Mix","98122"
"2022-02-19T00:00:00.000","S158547","Eileen","Cat","Domestic Shorthair","Mix","98118"
"2022-02-19T00:00:00.000","8036454","Dolores Esmarelda","Cat","Siberian",,"98119"
"2022-02-19T00:00:00.000","8036455","Ahri","Cat","Domestic Shorthair","Mix","98101"
"2022-02-19T00:00:00.000","8036456","Luna","Cat","Russian Blue",,"98101"
"2022-02-19T00:00:00.000","8036462","Lola","Cat","American Shorthair","Mix","98027"
"2022-02-19T00:00:00.000","8015624","Sammie","Cat","Domestic Shorthair","Mix","98119"
"2022-02-20T00:00:00.000","S157888","Duchess","Cat","Domestic Medium Hair","Mix","98103"
"2022-02-20T00:00:00.000","S111296","Gizmo","Cat","Domestic Shorthair",,"98109"
"2022-02-20T00:00:00.000","8036471","Tobias","Cat","Domestic Shorthair",,"98107"
"2022-02-20T00:00:00.000","8036472","Miles","Cat","Domestic Medium Hair",,"98107"
"2022-02-20T00:00:00.000","83523","Oscar","Cat","Maine Coon",,"98118"
"2022-02-20T00:00:00.000","S111452","Forrest","Cat","Domestic Shorthair",,"98103"
"2022-02-20T00:00:00.000","S110585","Boots","Cat","Domestic Shorthair","Mix","98117"
"2022-02-20T00:00:00.000","8036486","Toby","Cat","Domestic Shorthair","Mix","98102"
"2022-02-21T00:00:00.000","8036500","Mocha","Cat","Ragdoll",,"98107"
"2022-02-21T00:00:00.000","77188","Newt","Cat","Domestic Medium Hair",,"98115"
"2022-02-21T00:00:00.000","77187","Nerf","Cat","Domestic Medium Hair",,"98115"
"2022-02-21T00:00:00.000","S140343","Z.Z.","Cat","Domestic Shorthair",,"98199"
"2022-02-21T00:00:00.000","8036506","Catriona G. Tabadero","Cat","Maine Coon","Mix","98118"
"2022-02-22T00:00:00.000","8036514","Elvis (was Milligan)","Cat","Domestic Shorthair","Mix","98115"
"2022-02-22T00:00:00.000","8036518","Miso","Cat","Siamese","Mix","98122"
"2022-02-22T00:00:00.000","S156978","Dutch","Cat","Domestic Shorthair","Mix","98122"
"2022-02-23T00:00:00.000","S127004","Nala","Cat","Domestic Shorthair","Domestic Shorthair","98178"
"2022-02-23T00:00:00.000","S110239","Kitty","Cat","Domestic Medium Hair",,"98117"
"2022-02-23T00:00:00.000","S156980","Loce","Cat","Domestic Shorthair","Mix","98103"
"2022-02-23T00:00:00.000","S140414","Isabella","Cat","Ragdoll",,"98199"
"2022-02-23T00:00:00.000","8036541","Otis","Cat","Siamese","Mix","98112"
"2022-02-23T00:00:00.000","S110924","Autumn","Cat","Domestic Shorthair","Mix","98144"
"2022-02-23T00:00:00.000","S140549","Snowball","Cat","Domestic Shorthair",,"98199"
"2022-02-23T00:00:00.000","S111935","Isabel","Cat","Domestic Shorthair",,"98122"
"2022-02-23T00:00:00.000","S158557","Lupin","Cat","Domestic Shorthair","Mix","98116"
"2022-02-23T00:00:00.000","S158556","Hera","Cat","Domestic Shorthair","Mix","98116"
"2022-02-23T00:00:00.000","8036544","Holden","Cat","Domestic Shorthair","Domestic Shorthair","98115"
"2022-02-23T00:00:00.000","S119255","George Michael","Cat","Domestic Shorthair","Mix","98119"
"2022-02-23T00:00:00.000","8015940","Moxi","Cat","American Shorthair","Mix","98109"
"2022-02-23T00:00:00.000","8036555","Peregrin Pippin Took","Cat","Domestic Shorthair","Mix","98112"
"2022-02-24T00:00:00.000","S154209","Cosmo","Cat","Domestic Shorthair","Mix","98122"
"2022-02-24T00:00:00.000","S113068","Jenny","Cat","Domestic Longhair",,"98117"
"2022-02-24T00:00:00.000","140646","Sammy","Cat","Domestic Shorthair",,"98117"
"2022-02-24T00:00:00.000","S119175","Vivian","Cat","Domestic Medium Hair","Manx","98117"
"2022-02-24T00:00:00.000","140647","Oznot","Cat","Domestic Longhair",,"98117"
"2022-02-24T00:00:00.000","S109352","Noodle","Cat","Domestic Shorthair","Mix","98144"
"2022-02-24T00:00:00.000","8015441","Emmy","Cat","Domestic Shorthair","Mix","98115"
"2022-02-24T00:00:00.000","8015440","Dempsey","Cat","Domestic Shorthair","Mix","98115"
"2022-02-24T00:00:00.000","28544","Orzo Ross","Cat","Domestic Shorthair",,"98115"
"2022-02-24T00:00:00.000","S149332","Earl","Cat","Domestic Shorthair","Mix","98117"
"2022-02-24T00:00:00.000","S158562","Aeronwen","Cat","Domestic Shorthair","Mix","98117"
"2022-02-24T00:00:00.000","S139228","Professor Shorthair","Cat","Domestic Shorthair",,"98115"
"2022-02-24T00:00:00.000","64379","Samantha","Cat","Domestic Shorthair",,"98105"
"2022-02-24T00:00:00.000","S149335","Bombus","Cat","Ragdoll","Mix","98109"
"2022-02-24T00:00:00.000","S110565","Smokey","Cat","Domestic Shorthair",,"98122"
"2022-02-24T00:00:00.000","S110566","Avishay","Cat","Domestic Shorthair","Mix","98122"
"2022-02-25T00:00:00.000","S157890","Bisou","Cat","Domestic Shorthair","Mix","98103"
"2022-02-25T00:00:00.000","S140466","Ron Weasley","Cat","Domestic Shorthair","Domestic Shorthair","98116"
"2022-02-25T00:00:00.000","8036593","Addison","Cat","Mix","Mix","98115"
"2022-02-25T00:00:00.000","8014681","Nyla","Cat","Domestic Shorthair","Mix","98121"
"2022-02-26T00:00:00.000","8015038","Olivia","Cat","American Shorthair","Mix","98126"
"2022-02-26T00:00:00.000","S153976","Jasmine","Cat","Domestic Shorthair","Mix","98117"
"2022-02-26T00:00:00.000","133967","Lily Bell","Cat","Persian","Mix","98122"
"2022-02-26T00:00:00.000","S123294","Sofie","Cat","Domestic Shorthair",,"98109"
"2022-02-26T00:00:00.000","S153966","Winona","Cat","Domestic Longhair","Mix","98116"
"2022-02-26T00:00:00.000","29147","Mooshi","Cat","Domestic Shorthair",,"98116"
"2022-02-26T00:00:00.000","8016919","Tarantula","Cat","Domestic Shorthair","Mix","98103"
"2022-02-26T00:00:00.000","S110133","Peter","Cat","Domestic Shorthair",,"98112"
"2022-02-26T00:00:00.000","S110134","Masha","Cat","Domestic Medium Hair",,"98112"
"2022-02-27T00:00:00.000","28639","Bucky","Cat","Domestic Medium Hair",,"98115"
"2022-02-27T00:00:00.000","8015491","Daschel","Cat","Domestic Shorthair",,"98199"
"2022-02-27T00:00:00.000","S148857","Stinker","Cat","Siamese",,"98011"
"2022-02-27T00:00:00.000","8036633","Nalle","Cat","Domestic Medium Hair","Domestic Medium Hair","98105"
"2022-02-27T00:00:00.000","8014648","Tillie","Cat","Domestic Shorthair","Mix","98126"
"2022-02-27T00:00:00.000","8014647","Taco","Cat","Domestic Shorthair","Mix","98126"
"2022-02-27T00:00:00.000","18751","Marietta","Cat","Domestic Longhair",,"98107"
"2022-02-27T00:00:00.000","350828","Nelly","Cat","LaPerm",,"98107"
"2022-02-28T00:00:00.000","S110445","Kimmy","Cat","Domestic Shorthair",,"98103"
"2022-02-28T00:00:00.000","S110444","Zeb","Cat","Domestic Shorthair",,"98103"
"2022-02-28T00:00:00.000","S140196","Puma","Cat","Domestic Shorthair","Mix","98117"
"2022-02-28T00:00:00.000","77283","Leopold","Cat","Domestic Longhair",,"98108"
"2022-02-28T00:00:00.000","8014774","Pumpkin","Cat","Domestic Medium Hair","Mix","98199"
"2022-02-28T00:00:00.000","S110905","Loop","Cat","Ragdoll","Mix","98104"
"2022-02-28T00:00:00.000","S110904","Lil","Cat","Ragdoll","Domestic Longhair","98104"
"2022-03-01T00:00:00.000","8036668","DAVE","Cat","Domestic Shorthair","Mix","98105"
"2022-03-01T00:00:00.000","203984","Zena","Cat","Ragdoll",,"98199"
"2022-03-01T00:00:00.000","8036680","Namu","Cat","Domestic Longhair","Mix","98144"
"2022-03-01T00:00:00.000","76892","Gabby","Cat","Domestic Shorthair",,"98126"
"2022-03-01T00:00:00.000","S156984","Nebula","Cat","Domestic Shorthair","Mix","98133"
"2022-03-01T00:00:00.000","18615","Camille","Cat","Siamese","Mix","98118"
"2022-03-02T00:00:00.000","8036702","Dane","Cat","Domestic Medium Hair","Mix","98102"
"2022-03-02T00:00:00.000","8036704","T.K.","Cat","Siamese","Mix","98199"
"2022-03-02T00:00:00.000","S140685","Pazuzu","Cat","Domestic Shorthair","Mix","98144"
"2022-03-02T00:00:00.000","8036712","Tundra","Cat","Domestic Shorthair","Mix","98133"
"2022-03-02T00:00:00.000","8036727","Pumpkin","Cat","American Shorthair","Mix","98125"
"2022-03-02T00:00:00.000","8036728","Chicken","Cat","Domestic Shorthair","Mix","98125"
"2022-03-03T00:00:00.000","8036734","Abigail","Cat","Domestic Medium Hair",,"98117"
"2022-03-03T00:00:00.000","8036747","Bun","Cat","Domestic Shorthair","Manx","98107"
"2022-03-04T00:00:00.000","8036749","Moça","Cat","Ragdoll",,"98107"
"2022-03-04T00:00:00.000","8036750","Leite","Cat","Ragdoll",,"98107"
"2022-03-04T00:00:00.000","8036772","Soda","Cat","Domestic Medium Hair","Mix","98105"
"2022-03-05T00:00:00.000","8036782","Lucinda","Cat","Mix","Mix","98122"
"2022-03-05T00:00:00.000","8036783","Sebastian","Cat","Mix","Mix","98122"
"2022-03-05T00:00:00.000","S158584","Cloudy","Cat","Domestic Medium Hair","Mix","98102"
"2022-03-05T00:00:00.000","S148886","Remi","Cat","Snowshoe",,"98122"
"2022-03-06T00:00:00.000","S110644","Neville","Cat","Domestic Shorthair","Mix","98144"
"2022-03-06T00:00:00.000","68662","Ember","Cat","Domestic Shorthair",,"98116"
"2022-03-06T00:00:00.000","8036807","Holden Mako Alistair Bailey","Cat","American Shorthair","Mix","98105"
"2022-03-06T00:00:00.000","8036808","Apollo","Cat","Domestic Shorthair","Mix","98107"
"2022-03-06T00:00:00.000","S107510","Turnip Smith","Cat","Maine Coon","Domestic Medium Hair","98199"
"2022-03-06T00:00:00.000","22680","Tucker","Cat","Domestic Shorthair",,"98105"
"2022-03-06T00:00:00.000","8015725","Violet","Cat","Domestic Shorthair",,"98146"
"2022-03-07T00:00:00.000","S108287","Kira","Cat","Domestic Shorthair","Mix","98177"
"2022-03-07T00:00:00.000","S126288","Abby","Cat","Domestic Shorthair","Mix","98119"
"2022-03-07T00:00:00.000","S156987","Athena","Cat","Domestic Shorthair","Mix","98104"
"2022-03-07T00:00:00.000","S156988","Aphrodite","Cat","Domestic Shorthair","Mix","98104"
"2022-03-07T00:00:00.000","S153964","Sancho","Cat","Maine Coon",,"98118"
"2022-03-07T00:00:00.000","S149397","Peaches","Cat","Domestic Shorthair","Burmese","98112"
"2022-03-07T00:00:00.000","8006077","Baby Beth","Cat","Domestic Shorthair","Mix","98112"
"2022-03-07T00:00:00.000","140148","Jasmine","Cat","Domestic Shorthair",,"98118"
"2022-03-07T00:00:00.000","S113288","Loki","Cat","Domestic Shorthair",,"98199"
"2022-03-07T00:00:00.000","S148926","Coco","Cat","Domestic Longhair","Mix","98103"
"2022-03-07T00:00:00.000","129780","Blaze","Cat","Domestic Longhair",,"98117"
"2022-03-07T00:00:00.000","128400","Bunny","Cat","Domestic Longhair",,"98117"
"2022-03-07T00:00:00.000","129781","Belle","Cat","Domestic Longhair",,"98117"
"2022-03-07T00:00:00.000","8016211","Scout","Cat","Domestic Medium Hair","Mix","98103"
"2022-03-07T00:00:00.000","8016112","Tiger","Cat","Domestic Shorthair","Mix","98103"
"2022-03-07T00:00:00.000","133043","Taz","Cat","Domestic Shorthair",,"98146"
"2022-03-07T00:00:00.000","S141537","Emmy","Cat","Domestic Shorthair",,"98115"
"2022-03-07T00:00:00.000","119875","Lucy","Cat","Domestic Shorthair",,"98112"
"2022-03-07T00:00:00.000","8036838","Bonnie","Cat","Domestic Medium Hair","Mix","98117"
"2022-03-07T00:00:00.000","S148927","Ozzy","Cat","Turkish Van","Mix","98103"
"2022-03-07T00:00:00.000","8036839","Lion","Cat","Domestic Longhair","Mix","98199"
"2022-03-07T00:00:00.000","8036840","Onyx","Cat","Domestic Longhair","Mix","98199"
"2022-03-07T00:00:00.000","142286","Barney","Cat","LaPerm",,"98106"
"2022-03-07T00:00:00.000","S113726","Jack","Cat","Domestic Shorthair",,"98115"
"2022-03-07T00:00:00.000","129314","Sidney","Cat","Domestic Shorthair","Mix","98115"
"2022-03-07T00:00:00.000","8017513","Sumi","Cat","Maine Coon","Mix","98115"
"2022-03-07T00:00:00.000","8036844","Goose","Cat","Domestic Shorthair","Mix","98112"
"2022-03-08T00:00:00.000","S141277","Cosmo","Cat","Domestic Shorthair",,"98105"
"2022-03-08T00:00:00.000","S141276","Luna","Cat","Domestic Shorthair",,"98105"
"2022-03-08T00:00:00.000","S111900","Bill","Cat","Domestic Medium Hair","Mix","98103"
"2022-03-08T00:00:00.000","8036850","Oona","Cat","Bengal",,"98108"
"2022-03-08T00:00:00.000","8036851","Loki Skywalker","Cat","Bengal",,"98108"
"2022-03-08T00:00:00.000","S110071","Snowball","Cat","Domestic Shorthair",,"98117"
"2022-03-08T00:00:00.000","129463","Sahalee","Cat","Pixie-Bob",,"98103"
"2022-03-08T00:00:00.000","134195","Aki","Cat","Domestic Shorthair",,"98115"
"2022-03-08T00:00:00.000","208055","Rowan","Cat","Domestic Shorthair",,"98115"
"2022-03-08T00:00:00.000","S154229","Yin","Cat","Domestic Shorthair","Mix","98125"
"2022-03-08T00:00:00.000","S154230","Yang","Cat","Domestic Shorthair","Mix","98125"
"2022-03-08T00:00:00.000","8036855","Frodo","Cat","York Chocolate","Mix","98103"
"2022-03-08T00:00:00.000","8016117","Boots","Cat","American Shorthair","Mix","98117"
"2022-03-08T00:00:00.000","8016275","Kira","Cat","Domestic Shorthair","Mix","98106"
"2022-03-08T00:00:00.000","S110834","Olivier","Cat","Domestic Shorthair","Mix","98117"
"2022-03-08T00:00:00.000","8016345","Max","Cat","Domestic Shorthair","Mix","98116"
"2022-03-08T00:00:00.000","8016344","Frankie","Cat","Domestic Shorthair","Mix","98116"
"2022-03-08T00:00:00.000","S126868","Tucker","Cat","Domestic Shorthair","Mix","98121"
"2022-03-08T00:00:00.000","8036870","Lilac","Cat","American Shorthair","Mix","98117"
"2022-03-08T00:00:00.000","S130109","Seamus","Cat","Domestic Shorthair","Mix","98117"
"2022-03-08T00:00:00.000","S157874","Zoey","Cat","Domestic Shorthair","Mix","98107"
"2022-03-08T00:00:00.000","S157875","Sweet Pea","Cat","Domestic Shorthair","Mix","98107"
"2022-03-08T00:00:00.000","S113882","Chai","Cat","Domestic Shorthair",,"98117"
"2022-03-08T00:00:00.000","S113883","Masala","Cat","Domestic Shorthair",,"98117"
"2022-03-08T00:00:00.000","134135","Gracie","Cat","Domestic Shorthair",,"98117"
"2022-03-08T00:00:00.000","S112480","Milo","Cat","Domestic Longhair","Maine Coon","98117"
"2022-03-09T00:00:00.000","134145","Sylvanas","Cat","Norwegian Forest","Mix","98103"
"2022-03-09T00:00:00.000","8016370","Luna","Cat","Domestic Shorthair","Mix","98144"
"2022-03-09T00:00:00.000","83259","Watson","Cat","Domestic Shorthair",,"98117"
"2022-03-09T00:00:00.000","142129","Mocha","Cat","Ragdoll",,"98125"
"2022-03-09T00:00:00.000","S141534","Annie  (Tabby)","Cat","Domestic Shorthair",,"98103"
"2022-03-09T00:00:00.000","S156991","Shadow","Cat","Domestic Shorthair","Mix","98103"
"2022-03-09T00:00:00.000","S134465","Diesel","Cat","Domestic Shorthair","Mix","98103"
"2022-03-09T00:00:00.000","S158591","Mr. Simba","Cat","Siamese",,"98109"
"2022-03-09T00:00:00.000","S141253","Tiana","Cat","Domestic Shorthair",,"98199"
"2022-03-09T00:00:00.000","S129110","Morris Boney T MacGuffie Hunter","Cat","Domestic Medium Hair",,"98117"
"2022-03-09T00:00:00.000","S158598","Millicent","Cat","Domestic Medium Hair","Mix","98102"
"2022-03-09T00:00:00.000","140780","Booberry","Cat","Domestic Medium Hair","Mix","98125"
"2022-03-09T00:00:00.000","8036903","Bandit","Cat","Domestic Longhair","Mix","98103"
"2022-03-09T00:00:00.000","8036904","Smokey","Cat","Domestic Shorthair","Mix","98103"
"2022-03-09T00:00:00.000","8016118","Eleanor","Cat","American Shorthair","Mix","98101"
"2022-03-10T00:00:00.000","S157896","Nova","Cat","Domestic Shorthair","Mix","98105"
"2022-03-10T00:00:00.000","133212","Daisy","Cat","Maine Coon","Domestic Medium Hair","98107"
"2022-03-10T00:00:00.000","133222","Thumper","Cat","Domestic Medium Hair","Maine Coon","98107"
"2022-03-10T00:00:00.000","128315","Kali","Cat","Domestic Shorthair",,"98125"
"2022-03-10T00:00:00.000","8016318","Bella Jane","Cat","Siamese","Mix","98125"
"2022-03-10T00:00:00.000","133272","Priscilla","Cat","Domestic Longhair",,"98107"
"2022-03-10T00:00:00.000","8016131","Pesto","Cat","American Shorthair","Mix","98125"
"2022-03-10T00:00:00.000","S158704","Mystery","Cat","Domestic Shorthair","Mix","98103"
"2022-03-10T00:00:00.000","S131890","Akio","Cat","Burmese",,"98117"
"2022-03-10T00:00:00.000","S131889","Yoko","Cat","Burmese",,"98117"
"2022-03-11T00:00:00.000","895990","Mink","Cat","Domestic Longhair",,"98112"
"2022-03-11T00:00:00.000","133432","Cody","Cat","Domestic Medium Hair",,"98107"
"2022-03-11T00:00:00.000","S134479","Felicia","Cat","Domestic Shorthair","Mix","98117"
"2022-03-11T00:00:00.000","8016060","Isla","Cat","Domestic Shorthair","Mix","98117"
"2022-03-11T00:00:00.000","S141215","Dottie","Cat","Domestic Longhair",,"98177"
"2022-03-12T00:00:00.000","8016159","Valkyrie","Cat","Domestic Shorthair","Mix","98115"
"2022-03-12T00:00:00.000","S141923","Ohana","Cat","Domestic Longhair",,"98103"
"2022-03-12T00:00:00.000","905279","Sasha","Cat","Siamese","Domestic Medium Hair","98115"
"2022-03-12T00:00:00.000","8016354","Carlos","Cat","Maine Coon","Mix","98119"
"2022-03-12T00:00:00.000","S157066","Mercury","Cat","Domestic Shorthair","Mix","98104"
"2022-03-12T00:00:00.000","8036967","BJ","Cat","American Shorthair","Mix","98199"
"2022-03-12T00:00:00.000","8036973","Cheddar","Cat","Domestic Shorthair","Mix","98115"
"2022-03-12T00:00:00.000","8036977","Oskar Pritchard","Cat","Domestic Shorthair","Mix","98125"
"2022-03-12T00:00:00.000","8036978","Creamy","Cat","Domestic Shorthair",,"98103"
"2022-03-12T00:00:00.000","140772","Frida","Cat","Domestic Shorthair",,"98118"
"2022-03-12T00:00:00.000","133789","Thumper","Cat","Domestic Shorthair",,"98125"
"2022-03-13T00:00:00.000","S157899","Honey Bun","Cat","Domestic Longhair","Mix","98107"
"2022-03-13T00:00:00.000","S157900","Olga","Cat","Domestic Shorthair","Mix","98109"
"2022-03-13T00:00:00.000","133309","Buddy","Cat","Domestic Shorthair",,"98199"
"2022-03-13T00:00:00.000","S156995","Bear","Cat","Domestic Medium Hair",,"98117"
"2022-03-13T00:00:00.000","133872","Ruby","Cat","Domestic Shorthair",,"98125"
"2022-03-13T00:00:00.000","8036984","Hugo","Cat","Domestic Shorthair","Mix","98199"
"2022-03-13T00:00:00.000","132531","Katie","Cat","Domestic Shorthair",,"98118"
"2022-03-13T00:00:00.000","133467","Pumpkin","Cat","Domestic Medium Hair",,"98107"
"2022-03-13T00:00:00.000","129634","Sammy","Cat","Domestic Longhair",,"98107"
"2022-03-13T00:00:00.000","S111653","Billy","Cat","Domestic Longhair","Mix","98102"
"2022-03-13T00:00:00.000","123107","Georgia","Cat","LaPerm",,"98103"
"2022-03-13T00:00:00.000","8016727","Sparkle","Cat","Domestic Shorthair","Mix","98109"
"2022-03-13T00:00:00.000","85256","Miss Guinness","Cat","Domestic Shorthair",,"98107"
"2022-03-13T00:00:00.000","S141664","Benjie","Cat","American Shorthair",,"98105"
"2022-03-13T00:00:00.000","134085","Paul","Cat","Domestic Shorthair",,"98116"
"2022-03-13T00:00:00.000","S111881","Mario","Cat","Domestic Medium Hair","Mix","98117"
"2022-03-13T00:00:00.000","140363","Cherry","Cat","Domestic Longhair",,"98115"
"2022-03-13T00:00:00.000","S154079","Tonks","Cat","Mix","Mix","98117"
"2022-03-13T00:00:00.000","S101058","Habibi","Cat","Domestic Longhair","Mix","98106"
"2022-03-13T00:00:00.000","8036990","Ash","Cat","Domestic Medium Hair","Russian Blue","98125"
"2022-03-13T00:00:00.000","S113335","Billee","Cat","Balinese",,"98112"
"2022-03-13T00:00:00.000","8016309","Kiwi","Cat","Domestic Shorthair","Mix","98103"
"2022-03-13T00:00:00.000","8016310","Berry","Cat","Mix","Mix","98103"
"2022-03-14T00:00:00.000","77719","Henri","Cat","Domestic Shorthair",,"98117"
"2022-03-14T00:00:00.000","S148888","Oberon","Cat","Domestic Shorthair","Mix","98103"
"2022-03-14T00:00:00.000","S148889","Ofelia","Cat","Domestic Shorthair","Mix","98103"
"2022-03-14T00:00:00.000","S113332","Braveheart","Cat","Mix",,"98133"
"2022-03-14T00:00:00.000","8016082","Luna Tuna","Cat","Domestic Shorthair","Mix","98101"
"2022-03-14T00:00:00.000","8036997","Cain Wesley","Cat","American Shorthair","Mix","98103"
"2022-03-14T00:00:00.000","8016461","Henry","Cat","Domestic Shorthair","Mix","98108"
"2022-03-14T00:00:00.000","133668","Kali Mirch","Cat","Domestic Shorthair",,"98118"
"2022-03-14T00:00:00.000","S153985","Dot","Cat","Domestic Longhair","Mix","98133"
"2022-03-14T00:00:00.000","S110798","Zu Zu","Cat","Domestic Shorthair",,"98103"
"2022-03-14T00:00:00.000","8016440","Bea","Cat","Domestic Longhair",,"98146"
"2022-03-14T00:00:00.000","8016439","Greta","Cat","Domestic Shorthair",,"98146"
"2022-03-14T00:00:00.000","S157000","Kiisa","Cat","Domestic Shorthair","Mix","98122"
"2022-03-14T00:00:00.000","129482","Sassie","Cat","Domestic Shorthair",,"98116"
"2022-03-14T00:00:00.000","140538","Cleo","Cat","Domestic Shorthair",,"98116"
"2022-03-14T00:00:00.000","133118","Clarence","Cat","LaPerm",,"98108"
"2022-03-15T00:00:00.000","S158802","Shyanne","Cat","Domestic Longhair","Mix","98102"
"2022-03-15T00:00:00.000","S114311","Squeek","Cat","Domestic Shorthair",,"98122"
"2022-03-15T00:00:00.000","8037011","Artemis","Cat","Russian Blue",,"98119"
"2022-03-15T00:00:00.000","S154231","Butter Paws","Cat","Domestic Shorthair","Mix","98117"
"2022-03-15T00:00:00.000","S140690","Montgomery","Cat","Domestic Shorthair","Mix","98125"
"2022-03-15T00:00:00.000","8017600","Nakia","Cat","Domestic Shorthair","Mix","98144"
"2022-03-15T00:00:00.000","133075","Parker","Cat","Domestic Shorthair",,"98118"
"2022-03-15T00:00:00.000","S113831","Stumpy","Cat","Domestic Shorthair",,"98115"
"2022-03-15T00:00:00.000","S113830","Moustache","Cat","Domestic Shorthair",,"98115"
"2022-03-16T00:00:00.000","77172","Yuki","Cat","Domestic Medium Hair",,"98115"
"2022-03-16T00:00:00.000","8037030","Nola","Cat","Siberian","Mix","98107"
"2022-03-16T00:00:00.000","S158002","Benjamin","Cat","Domestic Shorthair",,"98119"
"2022-03-16T00:00:00.000","8037038","Lillyanna","Cat","Domestic Shorthair",,"98122"
"2022-03-16T00:00:00.000","S158141","Teddy","Cat","Siamese","Mix","98102"
"2022-03-16T00:00:00.000","8037044","Mary Berry","Cat","American Shorthair","Mix","98115"
"2022-03-16T00:00:00.000","S119299","Nutella","Cat","Domestic Shorthair","Mix","98122"
"2022-03-17T00:00:00.000","S158803","Haku","Cat","Domestic Longhair","Mix","98119"
"2022-03-17T00:00:00.000","S157631","Onyx","Cat","Domestic Shorthair","Mix","98122"
"2022-03-17T00:00:00.000","133186","Leonardo","Cat","Domestic Shorthair",,"98122"
"2022-03-17T00:00:00.000","8037065","Charlie","Cat","Domestic Shorthair","Mix","98117"
"2022-03-17T00:00:00.000","8037066","Frankie","Cat","Domestic Shorthair","Mix","98117"
"2022-03-17T00:00:00.000","133468","Toby","Cat","Domestic Shorthair",,"98107"
"2022-03-17T00:00:00.000","8037073","Kraken","Cat","American Shorthair","Mix","98118"
"2022-03-17T00:00:00.000","8037075","Pearl Jam","Cat","American Shorthair","Mix","98118"
"2022-03-18T00:00:00.000","8037080","Oliver Waffles","Cat","Domestic Shorthair","Mix","98117"
"2022-03-18T00:00:00.000","134032","Penny","Cat","Domestic Shorthair",,"98103"
"2022-03-18T00:00:00.000","S148930","José","Cat","Domestic Shorthair","Domestic Shorthair","98112"
"2022-03-18T00:00:00.000","S114627","Lucky","Cat","Domestic Shorthair",,"98125"
"2022-03-18T00:00:00.000","128192","Mr beasley","Cat","Domestic Shorthair",,"98103"
"2022-03-18T00:00:00.000","S151956","Kazimir","Cat","Siamese","Mix","98109"
"2022-03-18T00:00:00.000","8037096","Binx","Cat","Domestic Shorthair","Mix","98199"
"2022-03-18T00:00:00.000","S139943","Victor","Cat","Domestic Shorthair","Mix","98133"
"2022-03-19T00:00:00.000","S139782","Spongecake","Cat","Exotic Shorthair",,"98119"
"2022-03-19T00:00:00.000","8016281","Billie","Cat","Domestic Medium Hair","Mix","98104"
"2022-03-19T00:00:00.000","8016282","Pebbles","Cat","American Shorthair","Mix","98104"
"2022-03-19T00:00:00.000","S157075","Celestia","Cat","Domestic Shorthair","Mix","98122"
"2022-03-19T00:00:00.000","8037115","Jack","Cat","Domestic Shorthair","Mix","98117"
"2022-03-19T00:00:00.000","8037116","Mimsy","Cat","Domestic Shorthair","Mix","98117"
"2022-03-19T00:00:00.000","S157076","Romeo","Cat","Domestic Shorthair","Mix","98199"
"2022-03-19T00:00:00.000","S149329","Ra","Cat","Domestic Shorthair","Mix","98115"
"2022-03-19T00:00:00.000","S149330","Tucker","Cat","Domestic Shorthair","Mix","98115"
"2022-03-19T00:00:00.000","8036112","Taro","Cat","Domestic Shorthair","Mix","98115"
"2022-03-19T00:00:00.000","8037125","Tuber","Cat","Korat","Russian Blue","98117"
"2022-03-19T00:00:00.000","S140212","Sachi","Cat","Domestic Shorthair","Mix","98133"
"2022-03-20T00:00:00.000","S158805","Miss Tuxi","Cat","Domestic Shorthair","Mix","98115"
"2022-03-20T00:00:00.000","142030","Babes","Cat","Domestic Shorthair",,"98125"
"2022-03-20T00:00:00.000","142031","Trinity","Cat","Angora",,"98125"
"2022-03-20T00:00:00.000","S140809","Misty","Cat","Maine Coon",,"98136"
"2022-03-20T00:00:00.000","S140808","Giraffe","Cat","Domestic Shorthair",,"98136"
"2022-03-20T00:00:00.000","S104416","Leeloo Multipass","Cat","Domestic Shorthair","Mix","98117"
"2022-03-20T00:00:00.000","S113341","Wampus","Cat","Domestic Shorthair",,"98118"
"2022-03-20T00:00:00.000","S111596","Oscar","Cat","Domestic Medium Hair",,"98117"
"2022-03-20T00:00:00.000","S111595","Felix","Cat","Domestic Shorthair",,"98117"
"2022-03-20T00:00:00.000","69328","99","Cat","Domestic Medium Hair",,"98117"
"2022-03-20T00:00:00.000","140343","Cinder","Cat","Domestic Shorthair",,"98105"
"2022-03-20T00:00:00.000","S140672","Odelle","Cat","Domestic Shorthair",,"98107"
"2022-03-21T00:00:00.000","S110947","Jinx","Cat","Domestic Longhair","Mix","98136"
"2022-03-21T00:00:00.000","S110946","Tank","Cat","Domestic Longhair","Mix","98136"
"2022-03-21T00:00:00.000","8037173","Goblin","Cat","American Shorthair","Mix","98104"
"2022-03-21T00:00:00.000","S113096","Shabu","Cat","American Shorthair",,"98136"
"2022-03-21T00:00:00.000","8037181","Louis","Cat","Scottish Fold","Mix","98103"
"2022-03-21T00:00:00.000","S158009","Codsworth","Cat","Domestic Shorthair","Mix","98107"
"2022-03-21T00:00:00.000","8037189","Cosmo","Cat","American Shorthair","Mix","98102"
"2022-03-21T00:00:00.000","133437","Jada Pinkett","Cat","Ragdoll","Mix","98109"
"2022-03-22T00:00:00.000","8037194","Aidra","Cat","Korat","Mix","98103"
"2022-03-22T00:00:00.000","S130118","Jack","Cat","Domestic Shorthair","Mix","98107"
"2022-03-22T00:00:00.000","S108294","Artemis","Cat","Domestic Medium Hair","Mix","98115"
"2022-03-22T00:00:00.000","77331","Nayarit","Cat","Domestic Shorthair",,"98117"
"2022-03-22T00:00:00.000","S121093","Tikka","Cat","Domestic Shorthair","Mix","98109"
"2022-03-22T00:00:00.000","S121094","Masala","Cat","Domestic Shorthair","Mix","98109"
"2022-03-22T00:00:00.000","133871","Mimi","Cat","Domestic Shorthair",,"98108"
"2022-03-22T00:00:00.000","8037211","Missy","Cat","Domestic Longhair","Mix","98146"
"2022-03-23T00:00:00.000","8016217","Serena","Cat","Domestic Shorthair","Mix","98133"
"2022-03-23T00:00:00.000","8022283","Eden","Cat","American Shorthair",,"98112"
"2022-03-23T00:00:00.000","S151915","Delphine","Cat","American Shorthair","Mix","98144"
"2022-03-23T00:00:00.000","S110849","Fuzz","Cat","Domestic Longhair","Domestic Medium Hair","98107"
"2022-03-23T00:00:00.000","130673","Katze","Cat","Domestic Shorthair",,"98108"
"2022-03-23T00:00:00.000","8037216","Leo Nielsen","Cat","American Shorthair","Mix","98119"
"2022-03-23T00:00:00.000","8016326","Galileo","Cat","American Shorthair","Mix","98115"
"2022-03-23T00:00:00.000","S141092","Newton","Cat","Domestic Shorthair",,"98103"
"2022-03-23T00:00:00.000","S141091","Fermi Yao","Cat","Domestic Shorthair",,"98103"
"2022-03-23T00:00:00.000","S158015","Lucy","Cat","Domestic Medium Hair","Mix","98126"
"2022-03-23T00:00:00.000","S158721","Jiggy","Cat","Domestic Shorthair","Mix","98126"
"2022-03-23T00:00:00.000","8016411","Ollie","Cat","Domestic Shorthair",,"98199"
"2022-03-23T00:00:00.000","8037235","Abacus","Cat","Domestic Shorthair","Mix","98104"
"2022-03-24T00:00:00.000","S157635","Suki","Cat","Siamese","Ragdoll","98118"
"2022-03-24T00:00:00.000","83340","Julius III","Cat","Domestic Shorthair",,"98126"
"2022-03-24T00:00:00.000","S157637","Sophie","Cat","Domestic Medium Hair","Mix","98125"
"2022-03-24T00:00:00.000","S113456","Pawl","Cat","Mix",,"98103"
"2022-03-24T00:00:00.000","S113457","Peggy Olson","Cat","American Shorthair","Mix","98103"
"2022-03-24T00:00:00.000","8037244","Luna","Cat","Domestic Shorthair","Mix","98101"
"2022-03-25T00:00:00.000","S153981","Peanut","Cat","Domestic Shorthair","Mix","98109"
"2022-03-25T00:00:00.000","S104449","Freya","Cat","Domestic Shorthair","Mix","98144"
"2022-03-25T00:00:00.000","S104449","Leonidas","Cat","Domestic Shorthair","Mix","98144"
"2022-03-25T00:00:00.000","S154233","Fry","Cat","Domestic Shorthair","Mix","98125"
"2022-03-25T00:00:00.000","S100596","Lazlo","Cat","Domestic Shorthair","Mix","98133"
"2022-03-25T00:00:00.000","S149398","Jenny","Cat","Domestic Shorthair","Mix","98117"
"2022-03-25T00:00:00.000","S110697","Claude","Cat","Domestic Shorthair","Mix","98136"
"2022-03-25T00:00:00.000","S113541","Mister","Cat","Russian Blue",,"98133"
"2022-03-25T00:00:00.000","8016481","Thyme","Cat","Mix","Mix","98102"
"2022-03-25T00:00:00.000","8016480","Rosemary","Cat","Mix","Mix","98102"
"2022-03-25T00:00:00.000","8037269","Mewsy Kittie","Cat","American Shorthair","Mix","98122"
"2022-03-25T00:00:00.000","8037273","Judy","Cat","American Shorthair","Mix","98109"
"2022-03-25T00:00:00.000","142016","Tommy","Cat","Domestic Medium Hair","Siamese","98106"
"2022-03-25T00:00:00.000","8037274","Arthur","Cat","Persian","Mix","98103"
"2022-03-25T00:00:00.000","8037275","Simon","Cat","Persian","Mix","98103"
"2022-03-25T00:00:00.000","S113702","Linus","Cat","Domestic Shorthair",,"98125"
"2022-03-25T00:00:00.000","8016501","Dietz","Cat","Oriental Shorthair","Mix","98103"
"2022-03-25T00:00:00.000","S113419","Cava","Cat","Domestic Shorthair",,"98126"
"2022-03-25T00:00:00.000","S112473","Moose","Cat","Domestic Longhair",,"98126"
"2022-03-25T00:00:00.000","S157085","Conan","Cat","Domestic Shorthair","Mix","98103"
"2022-03-26T00:00:00.000","S134441","Georgia","Cat","Domestic Shorthair","Mix","98115"
"2022-03-26T00:00:00.000","S134440","Desi","Cat","Domestic Shorthair","Mix","98115"
"2022-03-26T00:00:00.000","8037293","Griff","Cat","Russian Blue","Mix","98115"
"2022-03-26T00:00:00.000","8015718","Loki (Gulliver)","Cat","Domestic Shorthair","Mix","98117"
"2022-03-26T00:00:00.000","8015717","Nyx (Midnight)","Cat","Domestic Shorthair","Mix","98117"
"2022-03-26T00:00:00.000","S113609","Gracie","Cat","Domestic Shorthair","American Shorthair","98105"
"2022-03-26T00:00:00.000","S158021","Ari","Cat","Domestic Shorthair","Mix","98119"
"2022-03-26T00:00:00.000","8037302","Oliver","Cat","Domestic Shorthair",,"98117"
"2022-03-26T00:00:00.000","S111612","Ella","Cat","American Shorthair",,"98115"
"2022-03-26T00:00:00.000","S158022","Gnocchi","Cat","Domestic Shorthair","Mix","98108"
"2022-03-26T00:00:00.000","S154082","Snickers","Cat","Domestic Shorthair","Mix","98117"
"2022-03-27T00:00:00.000","8037312","Clementine","Cat","American Shorthair","Mix","98109"
"2022-03-27T00:00:00.000","S154084","Tahoma","Cat","Domestic Longhair","Mix","98136"
"2022-03-27T00:00:00.000","77682","Wash","Cat","Domestic Shorthair",,"98102"
"2022-03-27T00:00:00.000","S158023","Hunter","Cat","Devon Rex",,"98125"
"2022-03-27T00:00:00.000","8037317","Penny","Cat","Domestic Shorthair","Mix","98116"
"2022-03-27T00:00:00.000","8016203","Willow","Cat","Domestic Medium Hair","Mix","98116"
"2022-03-27T00:00:00.000","S158725","Willard","Cat","Domestic Medium Hair","Mix","98115"
"2022-03-27T00:00:00.000","8037325","Cheerio","Cat","Domestic Shorthair","Mix","98119"
"2022-03-28T00:00:00.000","8037329","Tippi","Cat","Domestic Shorthair","Mix","98108"
"2022-03-28T00:00:00.000","133697","Echo","Cat","Domestic Shorthair",,"98116"
"2022-03-28T00:00:00.000","8016149","Riley","Cat","Domestic Longhair","Mix","98109"
"2022-03-28T00:00:00.000","8037335","Myshka","Cat","Maine Coon","Norwegian Forest","98122"
"2022-03-28T00:00:00.000","S158026","Draco","Cat","Domestic Shorthair","Mix","98117"
"2022-03-28T00:00:00.000","S158726","Paddy","Cat","Siamese","Mix","98118"
"2022-03-28T00:00:00.000","S158728","Lisa","Cat","Domestic Shorthair","Mix","98109"
"2022-03-28T00:00:00.000","S140835","Marley","Cat","Domestic Medium Hair","Maine Coon","98103"
"2022-03-28T00:00:00.000","S113585","Miss Bibi","Cat","Domestic Medium Hair",,"98118"
"2022-03-29T00:00:00.000","128423","Kita","Cat","Domestic Shorthair",,"98107"
"2022-03-29T00:00:00.000","S141191","Max","Cat","Domestic Shorthair","Mix","98133"
"2022-03-29T00:00:00.000","S141190","Bobby","Cat","Domestic Shorthair","Mix","98133"
"2022-03-29T00:00:00.000","S158033","Sparkle","Cat","Domestic Shorthair","Mix","98104"
"2022-03-29T00:00:00.000","133891","Pepper","Cat","Bombay",,"98136"
"2022-03-29T00:00:00.000","S101558","Cheech","Cat","Domestic Shorthair","Mix","98118"
"2022-03-30T00:00:00.000","S140054","Harvey","Cat","Domestic Shorthair","Mix","98115"
"2022-03-30T00:00:00.000","8037377","Rico Matsumoto","Cat","Domestic Shorthair","Mix","98177"
"2022-03-30T00:00:00.000","8016336","Yzma","Cat","Mix","Mix","98122"
"2022-03-30T00:00:00.000","8016337","Giselle","Cat","Mix","Mix","98122"
"2022-03-30T00:00:00.000","358947","Betty Jo","Cat","Domestic Shorthair",,"98121"
"2022-03-30T00:00:00.000","S158037","Sammy","Cat","Domestic Shorthair","Mix","98199"
"2022-03-30T00:00:00.000","S158038","King","Cat","Domestic Shorthair","Mix","98199"
"2022-03-30T00:00:00.000","S140093","Rico","Cat","Domestic Shorthair","Mix","98101"
"2022-03-30T00:00:00.000","8037384","Trailblazer","Cat","Domestic Longhair","Mix","98136"
"2022-03-30T00:00:00.000","8037385","MiniCat","Cat","Maine Coon","Domestic Longhair","98136"
"2022-03-30T00:00:00.000","8037386","Vincent","Cat","Domestic Shorthair","Mix","98136"
"2022-03-30T00:00:00.000","8037387","Alyosha","Cat","Domestic Shorthair","Mix","98136"
"2022-03-30T00:00:00.000","8015900","Tordy","Cat","Domestic Shorthair","Mix","98104"
"2022-03-31T00:00:00.000","S158808","Princess","Cat","Domestic Shorthair","Mix","98115"
"2022-03-31T00:00:00.000","8016551","Gibson","Cat","Manx","Mix","98115"
"2022-03-31T00:00:00.000","S140393","Hazel","Cat","Domestic Shorthair","Mix","98125"
"2022-03-31T00:00:00.000","S140392","White Sox","Cat","Domestic Shorthair","Mix","98125"
"2022-03-31T00:00:00.000","8037404","Reilly","Cat","Domestic Longhair","Mix","98102"
"2022-03-31T00:00:00.000","s109687","Wilbur","Cat","Domestic Longhair",,"98125"
"2022-03-31T00:00:00.000","8016598","Chaz","Cat","Domestic Shorthair","Mix","98178"
"2022-03-31T00:00:00.000","8037408","Tiger","Cat","Domestic Shorthair","Mix","98107"
"2022-03-31T00:00:00.000","83599","Skookle","Cat","Domestic Shorthair",,"98117"
"2022-03-31T00:00:00.000","897137","Mulrooney","Cat","Domestic Shorthair",,
"2022-03-31T00:00:00.000","S157644","Little Alice","Cat","Domestic Longhair","Mix","98126"
"2022-03-31T00:00:00.000","129753","Gabby","Cat","Domestic Shorthair",,"98107"
"2022-03-31T00:00:00.000","574163","Mimi","Cat","Domestic Shorthair",,"98107"
"2022-03-31T00:00:00.000","S119224","Douglas Fur","Cat","Domestic Shorthair","Mix","98126"
"2022-04-01T00:00:00.000","S157086","Bagel","Cat","Domestic Shorthair","Mix","98109"
"2022-04-01T00:00:00.000","S157090","Astral","Cat","Domestic Shorthair","Mix","98115"
"2022-04-01T00:00:00.000","S128304","Thor","Cat","American Shorthair",,"98102"
"2022-04-02T00:00:00.000","8037440","Simon","Cat","Domestic Shorthair","Mix","98115"
"2022-04-02T00:00:00.000","S110856","Blue","Cat","Domestic Longhair","Mix","98199"
"2022-04-02T00:00:00.000","8037443","Charlie","Cat","Domestic Shorthair","Mix","98109"
"2022-04-02T00:00:00.000","8016759","Hazel","Cat","Domestic Shorthair","Mix","98105"
"2022-04-02T00:00:00.000","S157649","Kage","Cat","Domestic Medium Hair","Mix","98109"
"2022-04-02T00:00:00.000","8017400","Mighty Cat","Cat","Siamese","Domestic Shorthair","98106"
"2022-04-02T00:00:00.000","8018457","Toms","Cat","American Shorthair",,"98102"
"2022-04-02T00:00:00.000","8018458","Nox","Cat","American Shorthair",,"98102"
"2022-04-02T00:00:00.000","217625","Zoe","Cat","Domestic Shorthair",,"98115"
"2022-04-02T00:00:00.000","8006682","Hootie","Cat","Domestic Shorthair","Mix","98136"
"2022-04-02T00:00:00.000","S141710","Whippersnapper aka Bug-man","Cat","Domestic Shorthair",,"98133"
"2022-04-02T00:00:00.000","S141709","Nellie Caboodle","Cat","Domestic Longhair",,"98133"
"2022-04-02T00:00:00.000","S143370","Fanny","Cat","Domestic Shorthair",,"98122"
"2022-04-02T00:00:00.000","8016544","Erinna","Cat","Domestic Shorthair",,"98102"
"2022-04-02T00:00:00.000","8016545","Sappho","Cat","Domestic Medium Hair","Mix","98102"
"2022-04-03T00:00:00.000","S154121","Jack","Cat","Domestic Shorthair","Mix","98116"
"2022-04-03T00:00:00.000","204802","Jack","Cat","Domestic Shorthair",,"98177"
"2022-04-03T00:00:00.000","204818","Izzy","Cat","Domestic Shorthair",,"98177"
"2022-04-03T00:00:00.000","S141696","Tiramisu","Cat","Domestic Longhair","Mix","98122"
"2022-04-03T00:00:00.000","S154111","Jiji","Cat","Domestic Shorthair","Mix","98121"
"2022-04-03T00:00:00.000","S142365","Lula","Cat","Domestic Shorthair",,"98105"
"2022-04-03T00:00:00.000","S142366","Myshka","Cat","Domestic Shorthair",,"98105"
"2022-04-03T00:00:00.000","204080","Harry","Cat","LaPerm",,"98115"
"2022-04-03T00:00:00.000","204083","Cho","Cat","LaPerm",,"98115"
"2022-04-03T00:00:00.000","8017496","Mina","Cat","Domestic Shorthair","Mix","98102"
"2022-04-03T00:00:00.000","S129311","Panthera","Cat","Bombay","Mix","98136"
"2022-04-03T00:00:00.000","8037479","Tigger","Cat","Domestic Shorthair","Mix","98117"
"2022-04-03T00:00:00.000","S143083","Oreo","Cat","American Shorthair",,"98117"
"2022-04-03T00:00:00.000","204233","Pippin","Cat","LaPerm",,"98112"
"2022-04-03T00:00:00.000","204230","Puck","Cat","LaPerm",,"98112"
"2022-04-03T00:00:00.000","S158040","Megumi","Cat","Domestic Shorthair","Mix","98136"
"2022-04-03T00:00:00.000","8017349","Skitter","Cat","Domestic Shorthair","American Shorthair","98116"
"2022-04-03T00:00:00.000","208002","Sebastian","Cat","Domestic Shorthair",,"98118"
"2022-04-03T00:00:00.000","8037489","Sophie","Cat","Domestic Shorthair","Mix","98115"
"2022-04-03T00:00:00.000","215538","Cleopatra","Cat","Bengal","Ragdoll","98177"
"2022-04-03T00:00:00.000","S157413","Coco","Goat","Miniature","Miniature","98122"
"2022-04-03T00:00:00.000","S157414","Charlotte","Goat","Miniature","Miniature","98122"
"2022-04-03T00:00:00.000","215513","Alyeska","Cat","American Shorthair",,"98118"
"2022-04-03T00:00:00.000","S114125","Porkbelly","Cat","Domestic Medium Hair",,"98101"
"2022-04-03T00:00:00.000","S154232","Sonni","Cat","Domestic Shorthair","Mix","98103"
"2022-04-04T00:00:00.000","S134495","Barry","Cat","Domestic Longhair","Mix","98126"
"2022-04-04T00:00:00.000","8017186","Lulu","Cat","Domestic Shorthair","Mix","98199"
"2022-04-04T00:00:00.000","8017185","Shibumi","Cat","Domestic Shorthair","Mix","98199"
"2022-04-04T00:00:00.000","8015361","Meeko","Cat","Domestic Medium Hair","American Shorthair","98136"
"2022-04-04T00:00:00.000","S158041","Luna","Cat","Domestic Shorthair",,"98177"
"2022-04-04T00:00:00.000","S142368","Rey","Cat","Domestic Shorthair",,"98116"
"2022-04-04T00:00:00.000","S114694","Olive","Cat","Domestic Shorthair","Mix","98112"
"2022-04-04T00:00:00.000","S113929","Abby","Cat","American Shorthair","Mix","98117"
"2022-04-04T00:00:00.000","8037519","Carla Hernandez-Singh","Cat","Domestic Medium Hair","Mix","98188"
"2022-04-04T00:00:00.000","8037520","Turk Hernandez-Singh","Cat","Domestic Shorthair","Mix","98188"
"2022-04-04T00:00:00.000","204028","Fishball","Cat","Exotic Shorthair",,"98121"
"2022-04-04T00:00:00.000","S158042","Wally","Cat","Domestic Shorthair","Mix","98125"
"2022-04-04T00:00:00.000","S158043","Jiji","Cat","Domestic Shorthair","Mix","98125"
"2022-04-04T00:00:00.000","215421","Timmy","Cat","Domestic Shorthair","Mix","98116"
"2022-04-04T00:00:00.000","134092","Brendan","Cat","Domestic Shorthair",,"98136"
"2022-04-04T00:00:00.000","134095","Laura Jean","Cat","Domestic Shorthair",,"98136"
"2022-04-04T00:00:00.000","215545","Barrett","Cat","American Shorthair",,"98144"
"2022-04-04T00:00:00.000","129646","Kizzie","Cat","Domestic Shorthair",,"98117"
"2022-04-04T00:00:00.000","208662","Kesa","Cat","Domestic Shorthair",,"98107"
"2022-04-04T00:00:00.000","S151319","Gigi","Cat","Ragdoll","Mix","98106"
"2022-04-04T00:00:00.000","208661","Leo","Cat","Domestic Medium Hair",,"98107"
"2022-04-04T00:00:00.000","S104556","Seva","Cat","Siberian",,"98144"
"2022-04-04T00:00:00.000","S140831","Snoopy","Cat","Domestic Shorthair","Mix","98177"
"2022-04-04T00:00:00.000","8037540","Alastair Henry","Cat","Domestic Shorthair","Mix","98109"
"2022-04-04T00:00:00.000","217597","Bumpas","Cat","Domestic Medium Hair",,"98122"
"2022-04-05T00:00:00.000","S158809","Winky","Cat","Domestic Longhair","Mix","98115"
"2022-04-05T00:00:00.000","S158810","Estelle","Cat","Snowshoe","Mix","98103"
"2022-04-05T00:00:00.000","217743","Lola","Cat","Domestic Shorthair",,"98115"
"2022-04-05T00:00:00.000","8037546","Kaia","Cat","Chartreux","Mix","98126"
"2022-04-05T00:00:00.000","8037552","Max","Cat","Mix","Mix","98199"
"2022-04-05T00:00:00.000","8037555","Reese","Cat","Domestic Medium Hair","Mix","98126"
"2022-04-05T00:00:00.000","S119272","Quentin","Cat","Domestic Shorthair","Mix","98107"
"2022-04-05T00:00:00.000","S149312","Peanut","Cat","Domestic Shorthair","Mix","98118"
"2022-04-05T00:00:00.000","217648","Millie","Cat","Domestic Longhair",,"98177"
"2022-04-05T00:00:00.000","S104482","Wisteria","Cat","Domestic Shorthair","Mix","98103"
"2022-04-05T00:00:00.000","208524","Mama Cat","Cat","Domestic Longhair",,"98118"
"2022-04-05T00:00:00.000","S157652","Rangoon","Cat","Siamese","Mix","98122"
"2022-04-05T00:00:00.000","8037574","Sassafrass","Cat","Domestic Longhair","Mix","98118"
"2022-04-05T00:00:00.000","8037575","Rainbow","Cat","Domestic Longhair","Mix","98118"
"2022-04-06T00:00:00.000","S111530","Keystone","Cat","American Shorthair",,"98112"
"2022-04-06T00:00:00.000","S115021","Snowball II","Cat","American Shorthair",,"98117"
"2022-04-06T00:00:00.000","8016887","Manny","Cat","Domestic Shorthair","Mix","98125"
"2022-04-06T00:00:00.000","204947","Mattawa","Cat","Domestic Longhair","Norwegian Forest","98116"
"2022-04-06T00:00:00.000","8017168","Emmy","Cat","Maine Coon",,"98118"
"2022-04-06T00:00:00.000","8017169","Oscar","Cat","Maine Coon",,"98118"
"2022-04-06T00:00:00.000","208680","Two","Cat","Domestic Shorthair",,"98133"
"2022-04-06T00:00:00.000","208681","Chackowitz","Cat","Domestic Shorthair",,"98133"
"2022-04-06T00:00:00.000","S158051","Millie","Cat","Domestic Shorthair","Mix","98102"
"2022-04-06T00:00:00.000","S115142","Mao","Cat","Domestic Shorthair",,"98144"
"2022-04-06T00:00:00.000","S150337","Lily","Cat","Domestic Shorthair","Mix","98136"
"2022-04-06T00:00:00.000","8016805","Manny","Cat","Domestic Shorthair","Mix","98125"
"2022-04-07T00:00:00.000","S113955","Eva","Cat","Domestic Medium Hair",,"98144"
